,country,portName,portAuthority,address,phone,fax,email,latitude,longitude,ddLatitude,ddLongitude,portType,portSize,firstPortofEntry,publication,chart,usaRep,medicalFacilities,harborSize,shelter,maxVesselSize,harborType,turningArea,holdingGround,tide,overheadLimit,swell,channel,cargoPier,meanTide,anchorage,oilTerminal,compulsory,available,tugAssistance,tugSalvage,pratique,rail,wharves,medMoor,hundredTonLifts,fiftyTonLifts,twentyTonLifts,zeroTonLifts,fixedCranes,mobileCranes,floatingCranes,longshore,provisions,fuelOil,deck,water,dieselOil,shipRepairs,marineRailroadSize,drydockSize,closestAirField
0,CN,ANQING, Anqing Port Authority ,"Administration Office7 Yanjiang Zhong Road Anqing, Anhui 246030 China", 86 556 521 7018 , 86 556 554 2843 ,, 30 30 5 N ,117 2 12 E,30.5,117.03333333333332, River Port , Small ,,,,,Yes, Very Small , Fair ,, River Natural ,,Yes,,,,16 - 20 ft, 6 - 10 feet 1.8 - 3 meters ,8.0,21 - 25 ft,21 - 25 ft,Yes,,Yes,,Yes,,Yes,,,,,Yes,,,Yes,,Yes,Yes,,Yes,Yes, None ,,,Huangshan Tunxi Airport
1,CN,ANSHAN,,,,,, 41 4 11 N ,123 0 0 E,41.06666666666667,123.0,,,,,,,,,,,,,,,,,,,,,,,,,,,Yes,,,,,,,,,,,,,,,,,,,Shenyang Taoxian Airport
2,CN,BAIMAJING,,,,,, 19 25 12 N ,109 7 47 E,19.416666666666668,109.11666666666666,,,,,,,,,,,,,,,,,,,,,,,,,,,Yes,,,,,,,,,,,,,,,,,,,Sanya Phoenix Airport
3,CN,BAO'AN,,,,,, 22 32 59 N ,113 52 18 E,22.53333333333333,113.86666666666666,,,,,,,,,,,,,,,,,,,,,,,,,,,Yes,,,,,,,,,,,,,,,,,,,Shenzhen Baoan Airport
4,CN,BAOTOU,,,,,, 40 23 24 N ,109 29 23 E,40.38333333333333,109.48333333333332,,,,,,,,,,,,,,,,,,,,,,,,,,,Yes,,,,,,,,,,,,,,,,,,,Baotou Donghe Airport
5,CN,BASUO, Hai Port Management Bureau ,"Basuo Port Admin Office Haigang Road Basuo, Hai 572600 China", 86 890 552 2512 , 86 890 552 1054 ,, 19 5 13 N ,108 38 9 E,19.08333333333333,108.63333333333334, Harbor , Small ,,161.0,,,Yes, Small , Poor , Over 500 feet in length , Coastal Breakwater ,Yes,Yes,Yes,,Yes,26 - 30 ft,26 - 30 ft,2.0,36 - 40 ft,26 - 30 ft,Yes,Yes,Yes,,Yes,Yes,Yes,,,,,Yes,Yes,Yes,No,Yes,Yes,Yes,,Yes,,Limited,"201 to 1,000 tons",,Sanya Phoenix Airport
6,CN,BAYUQUAN,,,,,, 40 41 10 N ,122 14 41 E,40.68333333333333,122.23333333333332,,,No,157.0,94380,,,Very Small,Fair,less than 500 feet,Open Roadstead,Yes,,Yes,,,46 - 51 ft,36 - 40 ft,8.0,36 - 40 ft,36 - 40 ft,Yes,Yes,Yes,,Yes,Yes,Yes,,,,,,,,,Yes,,,,,,,Up to 200 tons,,Shenyang Taoxian Airport
7,CN,BEIJIAO,,,,,, 22 53 39 N ,113 10 8 E,22.88333333333333,113.16666666666669,,,,,,,,,,,,,,,,,,,,,,,,,,,Yes,,,,,,,,,,,,,,,,,,,Guangzhou Baiyun Airport
8,CN,BEIPEI,,,,,, 29 49 55 N ,106 26 7 E,29.816666666666666,106.43333333333334,,,,,,,,,,,,,,,,,,,,,,,,,,,Yes,,,,,,,,,,,,,,,,,,,Chongqing Jiangbei Airport
9,CN,BENGBU, Bengbu Harbour Administration ,"1 Shengping Street Central District Bengbu, Anhui 233000 China",,,, 32 55 0 N ,117 22 0 E,32.916666666666664,117.36666666666666, River Port , Medium ,,,,,,,,,,,,,,,,,,,,,,,,,,,,,,,,,,,,,,,,,,,,Hefei Xinqiao Airport
10,CN,BINHAI,,,,,, 21 36 20 N ,109 14 39 E,21.6,109.23333333333332,,,,,,,,,,,,,,,,,,,,,,,,,,,Yes,,,,,,,,,,,,,,,,,,,Nanning Wuxu Airport
11,CN,BOHE,,,,,, 30 23 49 N ,115 0 59 E,30.38333333333333,115.0,,,,,,,,,,,,,,,,,,,,,,,,,,,Yes,,,,,,,,,,,,,,,,,,,Wuhan Tianhe Airport
12,CN,BUJI,,,,,, 22 39 51 N ,114 5 9 E,22.65,114.08333333333331,,,,,,,,,,,,,,,,,,,,,,,,,,,Yes,,,,,,,,,,,,,,,,,,,Shenzhen Baoan Airport
13,CN,CAOFEIDIAN PT ,,,,,, 39 1 5 N ,118 31 16 E,39.016666666666666,118.51666666666668,,,,,,,,,,,,,,,,,,,,,,,,,,,Yes,,,,,,,,,,,,,,,,,,,Qinhuangdao Beidaihe Airport
14,CN,CHANGDE,,,,,, 29 1 59 N ,111 40 59 E,29.016666666666666,111.66666666666669,,,,,,,,,,,,,,,,,,,,,,,,,,,Yes,,,,,,,,,,,,,,,,,,,Changde Airport
15,CN,CHANGSHA,,,,,, 28 11 19 N ,112 58 10 E,28.18333333333333,112.96666666666668,,,,,,,,,,,,,,,,,,,,,,,,,,,Yes,,,,,,,,,,,,,,,,,,,Changsha Huanghua Airport
16,CN,CHANGSHU, Changshu Xinghua Changjiang Development Co Ltd ,"88 Jinsha Jiang Road Changshu, Jiangsu 215513 China", 86 512 5269 5028 , 86 512 5269 5026 ,, 31 45 46 N ,120 57 9 E,31.75,120.95," Pier, Jetty or Wharf ", Very Small ,,157.0,,,,Small,Fair,less than 500 feet,Open Roadstead,,,,,,21 - 25 ft,21 - 25 ft,3.0,41 - 45 ft,26 - 30 ft,Yes,Yes,Yes,,Yes,,Yes,,Yes,Yes,Yes,Yes,,Yes,Yes,,,Yes,,Yes,,,,,Nantong Xingdong Airport
17,CN,CHANGZHI,,,,,, 36 6 35 N ,113 4 48 E,36.1,113.06666666666666,,,,,,,,,,,,,,,,,,,,,,,,,,,Yes,,,,,,,,,,,,,,,,,,,Taiyuan Wusu Airport
18,CN,CHANGZHOU, Changzhou Harbour Administration Department ,"Administration Office Weitang Town New District Changzhou, Jiangsu 213128 China", 86 519 577 0342 , 86 519 577 0342 ,, 31 57 52 N ,119 58 56 E,31.95,119.96666666666668, River Port , Small ,,157.0,,,,Small,Poor,less than 500 feet,Open Roadstead,,,,Yes,,31 - 35 ft,36 - 40 ft,2.0,16 - 20 ft,,Yes,Yes,Yes,,,,Yes,,,,Yes,Yes,Yes,Yes,,,,Yes,,Yes,,Limited,,,Changzhou Benniu Airport
19,CN,CHENGDU,,,,,, 30 23 60 N ,104 2 24 E,30.38333333333333,104.03333333333332,,,,,,,,,,,,,,,,,,,,,,,,,,,Yes,,,,,,,,,,,,,,,,,,,Chengdu Shuangliu Airport
20,CN,CHENGLINGJI, Chenglingji Port Authority ,"Port Administration Office2 Changjiang Road Chenglingji, Hu 414002 China", 86 730 856 1761 ,,, 29 25 48 N ,113 8 54 E,29.41666666666667,113.13333333333334, River Port , Medium ,,,,,, Very Small , Good , Up to 500 feet in length , River Natural ,,No,Yes,,,, 6 - 10 feet 1.8 - 3 meters ,17.0, 6 - 10 feet 1.8 - 3 meters ,26 - 30 ft,Yes,,,,Yes,,,Yes,,,,,,,,,Yes,Yes,,,, Emergency Only ,,,Changsha Huanghua Airport
21,CN,CHIWAN, Chiwan Port Authority ,"c/o China Ocean Shpg Agency Gangwan Yi Road, Shekou Shenzhen, Guangdong 518067 China", 86 755 2669 4888 , 86 755 2669 4297 ,, 22 28 42 N ,113 52 30 E,22.466666666666665,113.86666666666666, Seaport , Large ,,161.0,93721,,,Very Small,Fair,less than 500 feet,Coastal Breakwater,Yes,,Yes,,Yes,31 - 35 ft,11 - 15 ft,2.0,11 - 15 ft,16 - 20 ft,Yes,Yes,Yes,,,Yes,,,,Yes,Yes,Yes,,Yes,,Yes,Yes,Yes,,Yes,Yes,Limited,Up to 200 tons,,Shenzhen Baoan Airport
22,CN,CHIZHOU,,,,,, 30 40 4 N ,117 28 12 E,30.66666666666667,117.46666666666668,,,,,,,,,,,,,,,,,,,,,,,,,,,Yes,,,,,,,,,,,,,,,,,,,Huangshan Tunxi Airport
23,CN,CHONGMING,,,,,, 31 37 40 N ,121 22 43 E,31.61666666666667,121.36666666666666,,,,,,,,,,,,,,,,,,,,,,,,,,,Yes,,,,,,,,,,,,,,,,,,,Shanghai Hongqiao Airport
24,CN,CHONGQING, Chongqing Harbour Administration Bureau ,"Beipei Wharf Admin Office Wuchang Road Beipei City, Sichuan 630700 China",,,, 29 31 45 N ,106 32 19 E,29.516666666666666,106.53333333333332, River Port , Small ,,,,,,,,,,,,,,,,,,,,,,,,,,,,,,,,,,,,,,,,,,,,Chongqing Jiangbei Airport
25,CN,CHUANSHA,,,,,, 31 14 23 N ,121 44 28 E,31.23333333333333,121.73333333333332,,,,,,,,,,,,,,,,,,,,,,,,,,,Yes,,,,,,,,,,,,,,,,,,,Shanghai Pudong Airport
26,CN,DA CHAN BAY,,,,,, 22 19 12 N ,113 31 11 E,22.316666666666666,113.51666666666668,,,,,,,,,,,,,,,,,,,,,,,,,,,Yes,,,,,,,,,,,,,,,,,,,Macao International Airport
27,CN,DAFENG,,,,,, 33 18 26 N ,120 50 2 E,33.3,120.83333333333331,,,,,,,,,,,,,,,,,,,,,,,,,,,,,,,,,,,,,,,,,,,,,,Yancheng Nanyang Airport
28,CN,DAGANG,,,,,, 22 28 47 N ,113 14 23 E,22.466666666666665,113.23333333333332,,,,,,,,,,,,,,,,,,,,,,,,,,,Yes,,,,,,,,,,,,,,,,,,,Macao International Airport
29,CN,DALIAN, Dalian Port Corporation Limited ,"1 Gangwan Street Zhongshan District Dalian, Liaoning 116004 China", 86 411 8262 7147 , 86 411 8280 7148 ,, 38 55 0 N ,121 39 0 E,38.91666666666666,121.65, Port Terminal , Large ,Yes,157.0,94423,No,Yes,Large,Good,over 500 feet,Coastal Breakwater,Yes,Yes,No,,Yes,76 - over ft,56 - 60 ft,3.0,76 - over ft,76 - over ft,Yes,Yes,Yes,,Yes,Yes,Yes,,Yes,Yes,Yes,,Yes,Yes,Yes,Yes,Yes,Yes,Yes,Yes,,Major,"201 to 1,000 tons",657 ft to 984 ft,Dalian Zhoushuizi Airport
30,CN,DANDONG, Dandong Port Authority ,"7 Xingwu Road Dandong, Zhenxing 118000 China", 415 312 2088 , 415 312 3512 ,, 40 1 59 N ,124 22 59 E,40.016666666666666,124.36666666666666, River Port , Small ,,157.0,,,Yes,Very Small,Fair,less than 500 feet,Open Roadstead,,,,Yes,,16 - 20 ft,21 - 25 ft,5.0,16 - 20 ft,11 - 15 ft,Yes,Yes,Yes,,Yes,Yes,,,,,Yes,Yes,Yes,Yes,,,Yes,Yes,,Yes,,Limited,"201 to 1,000 tons",,Shenyang Taoxian Airport
31,CN,DAQING,,,,,, 46 21 35 N ,125 0 36 E,46.35,125.0,,,,,,,,,,,,,,,,,,,,,,,,,,,Yes,,,,,,,,,,,,,,,,,,,Qiqihar Sanjiazi Airport
32,CN,DAZHONG,,,,,, 33 12 0 N ,120 28 0 E,33.2,120.46666666666668,,,,,,,,,,,,,,,,,,,,,,,,,,,Yes,,,,,,,,,,,,,,,,,,,Yancheng Nanyang Airport
33,CN,DEQING,,,,,, 30 19 12 N ,120 2 24 E,30.316666666666666,120.03333333333332,,,,,,,,,,,,,,,,,,,,,,,,,,,Yes,,,,,,,,,,,,,,,,,,,Hangzhou Xiaoshan Airport
34,CN,DEZHOU,,,,,, 37 15 35 N ,116 10 11 E,37.25,116.16666666666669,,,,,,,,,,,,,,,,,,,,,,,,,,,Yes,,,,,,,,,,,,,,,,,,,Jinan Yaoqiang Airport
35,CN,DIANBAI,,,,,, 21 28 59 N ,111 17 49 E,21.466666666666665,111.28333333333332,,,,,,,,,,,,,,,,,,,,,,,,,,,Yes,,,,,,,,,,,,,,,,,,,Haikou Meilan Airport
36,CN,DONGGUAN,,,,,, 23 2 52 N ,113 44 29 E,23.03333333333333,113.73333333333332,,,,,,,,,,,,,,,,,,,,,,,,,,,Yes,,,,,,,,,,,,,,,,,,,Shenzhen Baoan Airport
37,CN,DONGSHAN, Dongshan Port Authority ,"Port Administration Office Shipping Building Dongshan Port, Fujian 363401 China",,,, 23 44 41 N ,117 30 35 E,23.73333333333333,117.5, Seaport , Small ,,157.0,94040,,,Small,Fair,less than 500 feet,Coastal Natural,,Yes,Yes,,Yes,21 - 25 ft,,2.0,16 - 20 ft,16 - 20 ft,Yes,Yes,,,Yes,,,,,,Yes,Yes,Yes,Yes,,,Yes,,,Yes,Yes,Limited,,,Xiamen Gaoqi Airport
38,CN,DONGTAI,,,,,, 32 51 0 N ,120 19 59 E,32.85,120.31666666666666,,,,,,,,,,,,,,,,,,,,,,,,,,,Yes,,,,,,,,,,,,,,,,,,,Yancheng Nanyang Airport
39,CN,DONGWAN,,,,,, 36 43 22 N ,104 52 41 E,36.71666666666667,104.86666666666666,,,,,,,,,,,,,,,,,,,,,,,,,,,Yes,,,,,,,,,,,,,,,,,,,Lanzhou Zhongchuan Airport
40,CN,DOUMEN,,,,,, 22 15 8 N ,113 10 12 E,22.25,113.16666666666669,,,,,,,,,,,,,,,,,,,,,,,,,,,Yes,,,,,,,,,,,,,,,,,,,Zhuhai Jinwan Airport
41,CN,EZHOU,,,,,, 30 22 0 N ,114 50 60 E,30.36666666666667,114.83333333333331,,,,,,,,,,,,,,,,,,,,,,,,,,,Yes,,,,,,,,,,,,,,,,,,,Wuhan Tianhe Airport
42,CN,FANGCHENG, Fangcheng Port Authority ,"Port Administration Office22 Youyi Road Fangcheng, Guangxi 538001 China", 86 770 282 2663 , 86 770 289 2141 ,, 21 44 58 N ,108 21 41 E,21.73333333333333,108.35, River Port , Small ,,,,,Yes, Medium , Good , Over 500 feet in length , River Natural ,Yes,,Yes,,,21 - 25 ft,26 - 30 ft,4.0,21 - 25 ft,,Yes,,Yes,,Yes,Yes,Yes,,,,Yes,Yes,,Yes,Yes,,Yes,Yes,,Yes,, None ,,,Nanning Wuxu Airport
43,CN,FANGCUN,,,,,, 23 3 35 N ,113 16 11 E,23.05,113.26666666666668,,,,,,,,,,,,,,,,,,,,,,,,,,,Yes,,,,,,,,,,,,,,,,,,,Guangzhou Baiyun Airport
44,CN,FENGJIE,,,,,, 31 4 28 N ,109 30 0 E,31.066666666666666,109.5,,,,,,,,,,,,,,,,,,,,,,,,,,,Yes,,,,,,,,,,,,,,,,,,,Enshi Xujiaping Airport
45,CN,FOSHAN, Foshan Harbour Administration Department ,"4 Nandi Road Foshan, Guangdong 528000 China",,,, 23 0 0 N ,113 4 0 E,23.0,113.06666666666666, River Port , Small ,,,,,,,,,,,,,,,,,,,,,,,,,,,,,,,,,,,,,,,,,,,,Guangzhou Baiyun Airport
46,CN,FUJIN, Fujin Harbour Administration Bureau ,"North End Xinkai Road Fujin, Heilongjiang 156100 China",,,, 47 17 60 N ,132 1 0 E,47.28333333333333,132.01666666666668, River Port , Small ,,,,,,,,,,,,,,,,,,,,,,,,,,,,,,,,,,,,,,,,,,,,Jiamusi Jiamusi Airport
47,CN,FULING, Fuling Harbour Administration Bureau ,"164 Zhongshan Dong Road Fuling, Sichuan 648000 China",,,, 29 25 12 N ,107 12 0 E,29.41666666666667,107.2, River Port , Small ,,,,,,,,,,,,,,,,,,,,,,,,,,,,,,,,,,,,,,,,,,,,Chongqing Jiangbei Airport
48,CN,FUSHUN,,,,,, 41 30 35 N ,123 32 24 E,41.5,123.53333333333332,,,,,,,,,,,,,,,,,,,,,,,,,,,Yes,,,,,,,,,,,,,,,,,,,Shenyang Taoxian Airport
49,CN,FUYANG,,,,,, 32 49 59 N ,115 52 57 E,32.81666666666667,115.86666666666666,,,,,,,,,,,,,,,,,,,,,,,,,,,Yes,,,,,,,,,,,,,,,,,,,Hefei Xinqiao Airport
50,CN,FUZHOU,,,,,, 26 3 20 N ,119 17 12 E,26.05,119.28333333333332,,,,157.0,94004,,Yes,Very Small,Good,less than 500 feet,River Natural,Yes,,,No,,36 - 40 ft,36 - 40 ft,3.0,36 - 40 ft,36 - 40 ft,Yes,Yes,Yes,,Yes,Yes,Yes,,,Yes,Yes,Yes,Yes,,Yes,Yes,Yes,Yes,Yes,Yes,,Limited,,,Fuzhou Changle Airport
51,CN,GANZHOU,,,,,, 25 57 36 N ,114 55 28 E,25.95,114.91666666666669,,,,,,,,,,,,,,,,,,,,,,,,,,,Yes,,,,,,,,,,,,,,,,,,,Meizhou Meixian Airport
52,CN,GAOGANG,,,,,, 32 10 47 N ,119 30 36 E,32.166666666666664,119.5,,,,157.0,,,,Small,Fair,over 500 feet,River Natural,Yes,Yes,,No,,31 - 35 ft,26 - 30 ft,2.0,31 - 35 ft,21 - 25 ft,Yes,Yes,Yes,,Yes,Yes,Yes,,,Yes,Yes,Yes,,Yes,Yes,,Yes,Yes,,Yes,,Limited,,,Changzhou Benniu Airport
53,CN,GAOLAN,,,,,, 21 58 45 N ,113 12 33 E,21.966666666666665,113.2,,,,,,,,,,,,,,,,,,,,,,,,,,,Yes,,,,,,,,,,,,,,,,,,,Zhuhai Jinwan Airport
54,CN,GAOMING,,,,,, 22 53 51 N ,112 53 23 E,22.88333333333333,112.88333333333334,,,,,,,,,,,,,,,,,,,,,,,,,,,Yes,,,,,,,,,,,,,,,,,,,Guangzhou Baiyun Airport
55,CN,GONGYI,,,,,, 34 45 2 N ,113 1 16 E,34.75,113.01666666666668,,,,,,,,,,,,,,,,,,,,,,,,,,,Yes,,,,,,,,,,,,,,,,,,,Zhengzhou Xinzhheng Airport
56,CN,GUANGZHOU,,,,,, 23 7 22 N ,113 12 2 E,23.11666666666667,113.2,,,Yes,161.0,93728,No,Yes,Medium,Good,less than 500 feet,River Natural,Yes,Yes,Yes,Yes,Yes,41 - 45 ft,41 - 45 ft,2.0,36 - 40 ft,31 - 35 ft,Yes,Yes,Yes,,Yes,Yes,Yes,,Yes,Yes,Yes,,Yes,Yes,Yes,Yes,Yes,Yes,Yes,Yes,Yes,Major,Up to 200 tons,657 ft to 984 ft,Guangzhou Baiyun Airport
57,CN,GUIGANG, Guigang Stevedores Co ,"Nanping Road Guigang, Guangxi 537100 China", 86 775 421 5373 , 86 775 421 5355 ,, 23 4 58 N ,109 37 0 E,23.066666666666666,109.61666666666666, River Port , Medium ,,,,,,,,,,,,,,,,,,,,,,,,,,,,,,,,,,,,,,,,,,,,Nanning Wuxu Airport
58,CN,GUISHAN,,,,,, 22 4 47 N ,113 29 23 E,22.066666666666666,113.48333333333332,,,,,,,,,,,,,,,,,,,,,,,,,,,Yes,,,,,,,,,,,,,,,,,,,Macao International Airport
59,CN,HAIAN, Haian Harbour Administration Department ,"Haiangang Matou Haian, Guangdong 524145 China",,,, 20 14 23 N ,110 10 4 E,20.233333333333334,110.16666666666669, Harbor , Small ,,,,,,,,,,,,,,,,,,,,,,,,,,,,,,,,,,,,,,,,,,,,Haikou Meilan Airport
60,CN,HAIKOU, Haikou Power Plant ,"Macun Chengmai County, Hai 571923 China",,,, 30 33 55 N ,114 15 27 E,30.55,114.25, Seaport , Medium ,Yes,161.0,93710,No,Yes, Very Small , Fair , Over 500 feet in length , River Natural ,Yes,Yes,Yes,Yes,Yes,26 - 30 ft,11 - 15 ft,4.0,36 - 40 ft,,Yes,Yes,Yes,,,,Yes,,,Yes,Yes,Yes,,Yes,Yes,Yes,Yes,Yes,,Yes,,Limited,,,Wuhan Tianhe Airport
61,CN,HAIMEN, Haimen Port Authority ,"Port Administration Office Jiaojiang District Taizhou, Zhejiang 318000 China", 86 576 822 4571 ,,, 28 41 60 N ,121 27 0 E,28.68333333333333,121.45, Seaport , Small ,,157.0,94180,,Yes,Very Small,Good,,River Natural,,Yes,Yes,,Yes,21 - 25 ft,16 - 20 ft,4.0,26 - 30 ft,21 - 25 ft,Yes,Yes,Yes,,Yes,,Yes,,,,Yes,Yes,Yes,Yes,,Yes,Yes,Yes,,Yes,,Limited,,,Wenzhou Longwan Airport
62,CN,HANGZHOU,,,,,, 30 13 37 N ,120 12 7 E,30.216666666666665,120.2,,,,,,,,,,,,,,,,,,,,,,,,,,,Yes,,,,,,,,,,,,,,,,,,,Hangzhou Xiaoshan Airport
63,CN,HARBIN, Harbin Harbour Administration Bureau ,"1 Haiyuan Street Taiping District Harbin, Heilongjiang 150050 China",,,, 45 47 60 N ,126 40 0 E,45.78333333333333,126.66666666666669, River Port , Medium ,,,,,,,,,,,,,,,,,,,,,,,,,,,,,,,,,,,,,,,,,,,,Harbin Taiping Airport
64,CN,HECHI,,,,,, 24 25 12 N ,108 1 11 E,24.41666666666667,108.01666666666668,,,,,,,,,,,,,,,,,,,,,,,,,,,Yes,,,,,,,,,,,,,,,,,,,Nanning Wuxu Airport
65,CN,HECHUAN,,,,,, 30 1 7 N ,106 22 23 E,30.016666666666666,106.36666666666666,,,,,,,,,,,,,,,,,,,,,,,,,,,Yes,,,,,,,,,,,,,,,,,,,Chongqing Jiangbei Airport
66,CN,HEFEI, Hefei Harbour Administration Department ,"31 Chaohu Road Hefei, Anhui 230001 China",,,, 31 50 3 N ,117 20 18 E,31.83333333333333,117.33333333333331, River Port , Small ,,,,,,,,,,,,,,,,,,,,,,,,,,,,,,,,,,,,,,,,,,,,Hefei Xinqiao Airport
67,CN,HEIHE, Heihe Port Authority ,"4 Wangsu Street Heihe, Heilongjiang 164300 China", 86 456 822 3841 ,,, 50 15 0 N ,127 32 60 E,50.25,127.53333333333332, River Port , Small ,,,,,,,,,,,,,,,,,,,,,,,,,,,,,,,,,,,,,,,,,,,,Jiamusi Jiamusi Airport
68,CN,HENGYANG,,,,,, 26 55 0 N ,112 34 59 E,26.91666666666667,112.56666666666666,,,,,,,,,,,,,,,,,,,,,,,,,,,Yes,,,,,,,,,,,,,,,,,,,Changsha Huanghua Airport
69,CN,HESHAN,,,,,, 21 57 59 N ,112 0 36 E,21.95,112.0,,,,,,,,,,,,,,,,,,,,,,,,,,,Yes,,,,,,,,,,,,,,,,,,,Zhuhai Jinwan Airport
70,CN,HONG KONG,,,,,, 22 13 54 N ,114 10 10 E,22.216666666666665,114.16666666666669,,,,,,,,,,,,,,,,,,,,,,,,,,,Yes,,,,,,,,,,,,,,,,,,,Shenzhen Baoan Airport
71,CN,HUADU,,,,,, 23 14 23 N ,113 7 47 E,23.23333333333333,113.11666666666666,,,,,,,,,,,,,,,,,,,,,,,,,,,Yes,,,,,,,,,,,,,,,,,,,Guangzhou Baiyun Airport
72,CN,HUAIAN,,,,,, 33 28 59 N ,119 9 0 E,33.46666666666667,119.15,,,,,,,,,,,,,,,,,,,,,,,,,,,Yes,,,,,,,,,,,,,,,,,,,Huaian Lianshui Airport
73,CN,HUAIBEI,,,,,, 34 0 0 N ,116 47 60 E,34.0,116.78333333333332,,,,,,,,,,,,,,,,,,,,,,,,,,,Yes,,,,,,,,,,,,,,,,,,,Xuzhou Guanyin Airport
74,CN,HUAINAN,,,,,, 32 22 11 N ,116 35 24 E,32.36666666666667,116.58333333333331,,,,,,,,,,,,,,,,,,,,,,,,,,,Yes,,,,,,,,,,,,,,,,,,,Hefei Xinqiao Airport
75,CN,HUAIYIN,,,,,, 33 34 59 N ,119 0 0 E,33.56666666666667,119.0,,,,,,,,,,,,,,,,,,,,,,,,,,,Yes,,,,,,,,,,,,,,,,,,,Huaian Lianshui Airport
76,CN,HUANGHUA,,,,,, 38 29 36 N ,117 38 6 E,38.48333333333333,117.63333333333334,,,,,,,,,,,,,,,,,,,,,,,,,,,Yes,,,,,,,,,,,,,,,,,,,Tianjin Binhai Airport
77,CN,HUANGPU,,Huangpu China,,,, 23 5 37 N ,113 26 3 E,23.08333333333333,113.43333333333334, Seaport , Medium ,Yes,161.0,93726,No,Yes, Small , Fair , Over 500 feet in length , Coastal Natural ,Yes,,Yes,Yes,Yes, 6 - 10 feet 1.8 - 3 meters ,26 - 30 ft,2.0,11 - 15 ft,21 - 25 ft,Yes,Yes,Yes,,Yes,Yes,Yes,,Yes,,Yes,Yes,,Yes,Yes,Yes,Yes,Yes,,Yes,Yes, Limited ,"201 to 1,000 tons",657 ft to 984 ft,Guangzhou Baiyun Airport
78,CN,HUANGSHI, Huangshi Port Authority ,"Port Administration Office7 Jiaotong Road Huangshi, Hubei 435000 China", 86 714 622 4991 ,,, 30 13 0 N ,115 4 59 E,30.216666666666665,115.06666666666666, River Port , Small ,,,,,,,,,,,,,,,,,,,,,,,,,,,,,,,,,,,,,,,,,,,,Wuhan Tianhe Airport
79,CN,HUIZHOU, Huizhou Port Stevedoring Co ,"Admin Office, Quanwan Daya Bay Econ and Tech Dev Huizhou, Guangdong 516273 China", 86 752 557 7860 , 86 752 557 7877 ,, 23 5 54 N ,114 23 42 E,23.08333333333333,114.38333333333334, Seaport , Medium ,,157.0,93730,No,Yes,Very Small,Fair,less than 500 feet,Coastal Natural,Yes,,,,,31 - 35 ft,26 - 30 ft,1.0,36 - 40 ft,31 - 35 ft,Yes,Yes,Yes,Yes,Yes,,,,,,Yes,Yes,Yes,Yes,Yes,Yes,,No,,Yes,No,None,,,Shenzhen Baoan Airport
80,CN,HUZHOU,,,,,, 30 52 56 N ,120 5 49 E,30.86666666666667,120.08333333333331,,,,,,,,,,,,,,,,,,,,,,,,,,,Yes,,,,,,,,,,,,,,,,,,,Wuxi Shuofang Airport
81,CN,JIADING,,,,,, 31 22 59 N ,121 17 60 E,31.36666666666667,121.28333333333332,,,,,,,,,,,,,,,,,,,,,,,,,,,Yes,,,,,,,,,,,,,,,,,,,Shanghai Hongqiao Airport
82,CN,JIAMUSI, Jiamusi Harbour Administration Bureau ,"No 1 Heping Road Qianjin District Jiamusi, Heilongjiang 154002 China", 86 454 868 1090 ,,, 46 45 0 N ,130 22 0 E,46.75,130.36666666666667, River Port , Small ,,,,,,,,,,,,,,,,,,,,,,,,,,,,,,,,,,,,,,,,,,,,Jiamusi Jiamusi Airport
83,CN,JIANDE,,,,,, 29 16 48 N ,119 9 35 E,29.266666666666666,119.15,,,,,,,,,,,,,,,,,,,,,,,,,,,Yes,,,,,,,,,,,,,,,,,,,Yiwu Yiwu Airport
84,CN,JIANGMEN, Jiangmen Harbour Administration Bureau ,"85 Dizhong Road Jiangmen, Guandong 529000 China",,,, 22 30 27 N ,112 59 14 E,22.5,112.98333333333332, River Port , Medium ,,,,,,,,,,,,,,,,,,,,,,,,,,,,,,,,,,,,,,,,,,,,Zhuhai Jinwan Airport
85,CN,JIANGYIN,,,,,, 31 55 23 N ,120 15 22 E,31.91666666666667,120.25,,,,157.0,,,,Small,Fair,less than 500 feet,River Natural,Yes,Yes,Yes,,,21 - 25 ft,26 - 30 ft,2.0,16 - 20 ft,16 - 20 ft,Yes,Yes,Yes,,Yes,Yes,Yes,,Yes,Yes,,Yes,Yes,Yes,Yes,Yes,Yes,Yes,,Yes,,Limited,,,Wuxi Shuofang Airport
86,CN,JIANHU,,,,,, 33 27 0 N ,119 46 0 E,33.45,119.76666666666668,,,,,,,,,,,,,,,,,,,,,,,,,,,Yes,,,,,,,,,,,,,,,,,,,Yancheng Nanyang Airport
87,CN,JIAXING,,,,,, 29 52 6 N ,121 32 38 E,29.86666666666667,121.53333333333332,,,,,,,,,,,,,,,,,,,,,,,,,,,,,,,,,,,,,,,,,,,,,,Ningbo Lishe Airport
88,CN,JINAN,,,,,, 36 43 7 N ,117 1 9 E,36.71666666666667,117.01666666666668,,,,,,,,,,,,,,,,,,,,,,,,,,,Yes,,,,,,,,,,,,,,,,,,,Jinan Yaoqiang Airport
89,CN,JINGDEZHEN,,,,,, 29 17 34 N ,117 12 10 E,29.28333333333333,117.2,,,,,,,,,,,,,,,,,,,,,,,,,,,Yes,,,,,,,,,,,,,,,,,,,Huangshan Tunxi Airport
90,CN,JINHUA,,,,,, 29 5 40 N ,119 38 7 E,29.08333333333333,119.63333333333334,,,,,,,,,,,,,,,,,,,,,,,,,,,Yes,,,,,,,,,,,,,,,,,,,Yiwu Yiwu Airport
91,CN,JINSHAN,,,,,, 30 55 0 N ,121 11 11 E,30.91666666666667,121.18333333333334,,,,,,,,,,,,,,,,,,,,,,,,,,,Yes,,,,,,,,,,,,,,,,,,,Shanghai Hongqiao Airport
92,CN,JINSHI,,,,,, 29 38 60 N ,111 50 60 E,29.63333333333333,111.83333333333331,,,,,,,,,,,,,,,,,,,,,,,,,,,Yes,,,,,,,,,,,,,,,,,,,Changde Airport
93,CN,JINZHOU, Jinzhou Port Autority ,"Port Administration Office11-2 Zhongyand Street Jinzhou, Liaoning 121007 China", 86 416 312 7123 , 86 416 312 2419 ,, 40 47 60 N ,121 4 0 E,40.78333333333333,121.06666666666666, Seaport , Medium ,,,,,, Medium , Excellent , Over 500 feet in length , Coastal Breakwater ,,Yes,Yes,,,36 - 40 ft,36 - 40 ft,2.0,31 - 35 ft,31 - 35 ft,Yes,Yes,Yes,,,,Yes,,,,Yes,Yes,Yes,Yes,,,Yes,,,Yes,Yes,,"201 to 1,000 tons",,Dalian Zhoushuizi Airport
94,CN,JIUJIANG,,,,,, 29 43 21 N ,115 58 50 E,29.716666666666665,115.96666666666668,,,,,,,,,,,,,,,,,,,,,,,,,,,Yes,,,,,,,,,,,,,,,,,,,Nanchang Changbei Airport
95,CN,KAIFENG,,,,,, 34 28 11 N ,114 12 0 E,34.46666666666667,114.2,,,,,,,,,,,,,,,,,,,,,,,,,,,Yes,,,,,,,,,,,,,,,,,,,Zhengzhou Xinzhheng Airport
96,CN,KAIPING,,,,,, 22 26 37 N ,112 45 26 E,22.43333333333333,112.75,,,,,,,,,,,,,,,,,,,,,,,,,,,Yes,,,,,,,,,,,,,,,,,,,Zhuhai Jinwan Airport
97,CN,KUNMING,,,,,, 25 2 1 N ,102 40 41 E,25.03333333333333,102.66666666666669,,,,,,,,,,,,,,,,,,,,,,,,,,,Yes,,,,,,,,,,,,,,,,,,,Kunming Changshui Airport
98,CN,KUNSHAN, Kunshan Harbour Administration Department ,"13 Xiaoma Road Yushan Town Kunshan, Jiangsu 215300 China",,,, 31 22 0 N ,120 58 0 E,31.36666666666667,120.96666666666668, River Port , Small ,,,,,,,,,,,,,,,,,,,,,,,,,,,,,,,,,,,,,,,,,,,,Shanghai Hongqiao Airport
99,CN,LAIZHOU, Laizhou Port Authority ,"1 Haigang Road Sanshan Island Laizhou, Shandong 261442 China", 86 535 278 2350 , 86 535 278 2028 ,, 37 22 33 N ,119 56 9 E,37.36666666666667,119.93333333333334, Harbor , Small ,,,,,,,,,,,,,,,,,,,,,,,,,,,,,,,,,,,,,,,,,,,,Qingdao Jiaodong Airport
100,CN,LANGFANG,,,,,, 39 18 36 N ,116 25 11 E,39.3,116.41666666666669,,,,,,,,,,,,,,,,,,,,,,,,,,,Yes,,,,,,,,,,,,,,,,,,,Beijing Daxing Airport
101,CN,LANSHAN, Lanshan Port Authority ,"Port Administration Office Lanshan, Shandong 276808 China", 86 633 843 1046 , 86 633 843 1033 ,, 35 5 35 N ,119 23 4 E,35.083333333333336,119.38333333333334, Seaport , Medium ,,157.0,94280,,,Very Small,Fair,less than 500 feet,Open Roadstead,Yes,,,Yes,,46 - 51 ft,41 - 45 ft,3.0,41 - 45 ft,26 - 30 ft,Yes,Yes,Yes,,Yes,,Yes,,,,Yes,Yes,,,,Yes,,No,,Yes,No,,,,Linyi Qiyang Airport
102,CN,LANSHI,,,,,, 22 58 36 N ,113 6 27 E,22.966666666666665,113.1,,,,,,,,,,,,,,,,,,,,,,,,,,,Yes,,,,,,,,,,,,,,,,,,,Guangzhou Baiyun Airport
103,CN,LANXI,,,,,, 30 19 0 N ,115 7 59 E,30.316666666666666,115.11666666666666,,,,,,,,,,,,,,,,,,,,,,,,,,,Yes,,,,,,,,,,,,,,,,,,,Wuhan Tianhe Airport
104,CN,LANZHOU,,,,,, 36 4 6 N ,103 45 3 E,36.06666666666667,103.75,,,,,,,,,,,,,,,,,,,,,,,,,,,Yes,,,,,,,,,,,,,,,,,,,Lanzhou Zhongchuan Airport
105,CN,LELIU,,,,,, 22 52 29 N ,113 7 36 E,22.86666666666667,113.11666666666666,,,,,,,,,,,,,,,,,,,,,,,,,,,Yes,,,,,,,,,,,,,,,,,,,Guangzhou Baiyun Airport
106,CN,LIANYUNGANG, Lianyungang Port Affairs ,"Administration Bureau99 Zhongshan Dong Road Lianyungang, Jiangsu 222046 China", 86 518 238 2501 , 86 518 2382906 ,, 34 43 59 N ,119 27 0 E,34.71666666666667,119.45, Seaport , Large ,,157.0,,,Yes, Very Small , Fair , Over 500 feet in length , Coastal Breakwater ,Yes,Yes,,,,26 - 30 ft,21 - 25 ft,4.0,16 - 20 ft,,Yes,Yes,Yes,,Yes,Yes,Yes,,Yes,Yes,Yes,Yes,Yes,Yes,Yes,Yes,Yes,Yes,,Yes,Yes, Limited ,"201 to 1,000 tons",,Huaian Lianshui Airport
107,CN,LIAOYANG,,,,,, 41 15 57 N ,123 10 15 E,41.25,123.16666666666669,,,,,,,,,,,,,,,,,,,,,,,,,,,Yes,,,,,,,,,,,,,,,,,,,Shenyang Taoxian Airport
108,CN,LIHEKOU,,,,,, 31 11 60 N ,112 32 60 E,31.18333333333333,112.53333333333332,,,,,,,,,,,,,,,,,,,,,,,,,,,Yes,,,,,,,,,,,,,,,,,,,Yichang Sanxia Airport
109,CN,LIJIAXIANG,,,,,, 30 58 0 N ,119 58 59 E,30.966666666666665,119.96666666666668,,,,,,,,,,,,,,,,,,,,,,,,,,,Yes,,,,,,,,,,,,,,,,,,,Wuxi Shuofang Airport
110,CN,LINJIANG,,,,,, 45 31 51 N ,125 59 19 E,45.51666666666666,125.98333333333332,,,,,,,,,,,,,,,,,,,,,,,,,,,Yes,,,,,,,,,,,,,,,,,,,Harbin Taiping Airport
111,CN,LINYI,,,,,, 35 4 54 N ,118 20 51 E,35.06666666666667,118.33333333333331,,,,,,,,,,,,,,,,,,,,,,,,,,,Yes,,,,,,,,,,,,,,,,,,,Linyi Qiyang Airport
112,CN,LIUDU,,,,,, 23 2 23 N ,112 0 0 E,23.03333333333333,112.0,,,,,,,,,,,,,,,,,,,,,,,,,,,Yes,,,,,,,,,,,,,,,,,,,Guangzhou Baiyun Airport
113,CN,LIUZHOU, Liuzhou Harbour Administration Department ,"Beique Road Liuzhou, Guangxi 545001 China",,,, 24 19 59 N ,109 25 0 E,24.316666666666666,109.41666666666669, River Port , Medium ,,,,,,,,,,,,,,,,,,,,,,,,,,,,,,,,,,,,,,,,,,,,Guilin Liangjiang Airport
114,CN,LONGKOU, Longkou Port Authority ,"Port Administration Office24 Huanhai Road Longkou, Shandong 265700 China", 86 535 884 2091 , 86 535 884 1137 ,, 37 38 36 N ,120 19 49 E,37.63333333333333,120.31666666666666, Harbor , Small ,,,,,Yes, Small , Fair , Over 500 feet in length , Coastal Natural ,Yes,Yes,,,,21 - 25 ft,21 - 25 ft,1.0,21 - 25 ft,,Yes,,Yes,,Yes,,Yes,,,Yes,,Yes,Yes,Yes,,,Yes,Yes,,Yes,, Emergency Only ,,,Yantai Penglai Airport
115,CN,LONGYAN,,,,,, 37 25 0 N ,122 37 59 E,37.41666666666666,122.61666666666666,,,,,,,,,,,,,,,,,,,,,,,,,,,Yes,,,,,,,,,,,,,,,,,,,Weihai Dashuipo Airport
116,CN,MAANSHAN, Maanshan Harbour Administration Bureau ,"Maanshan Harbour Admin Bureau84 Changjiang Road Maanshan, Anhui 243023 China", 86 555 284 5474 , 86 555 284 5474 ,, 31 42 27 N ,118 27 56 E,31.7,118.45, Seaport , Small ,,,,,,,,,,,,,,,,,,,,,,,,,,,,,,,,,,,,,,,,,,,,Nanjing Lukou Airport
117,CN,MACHONG,,,,,, 23 2 12 N ,113 31 37 E,23.03333333333333,113.51666666666668,,,,,,,,,,,,,,,,,,,,,,,,,,,Yes,,,,,,,,,,,,,,,,,,,Guangzhou Baiyun Airport
118,CN,MACUN,,,,,, 19 57 59 N ,110 3 48 E,19.95,110.05,,,,,,,,,,,,,,,,,,,,,,,,,,,,,,,,,,,,,,,,,,,,,,Haikou Meilan Airport
119,CN,MAFANG,,,,,, 21 54 48 N ,111 54 9 E,21.9,111.9,,,,,,,,,,,,,,,,,,,,,,,,,,,Yes,,,,,,,,,,,,,,,,,,,Zhuhai Jinwan Airport
120,CN,MAOCAOJIE,,,,,, 29 4 59 N ,112 19 0 E,29.066666666666666,112.31666666666666,,,,,,,,,,,,,,,,,,,,,,,,,,,Yes,,,,,,,,,,,,,,,,,,,Changde Airport
121,CN,MAOMING,,,,,, 22 7 0 N ,111 28 0 E,22.11666666666667,111.46666666666668,,,,,,,,,,,,,,,,,,,,,,,,,,,Yes,,,,,,,,,,,,,,,,,,,Zhuhai Jinwan Airport
122,CN,MAWAN,,,,,, 22 30 58 N ,113 52 31 E,22.5,113.86666666666666,,,,,,,,,,,,,,,,,,,,,,,,,,,Yes,,,,,,,,,,,,,,,,,,,Shenzhen Baoan Airport
123,CN,MAWEI,,,,,, 26 0 2 N ,119 26 15 E,26.0,119.43333333333334,,,,,,,,,,,,,,,,,,,,,,,,,,,Yes,,,,,,,,,,,,,,,,,,,Fuzhou Changle Airport
124,CN,MIANYANG,,,,,, 31 28 30 N ,104 43 37 E,31.466666666666665,104.71666666666668,,,,,,,,,,,,,,,,,,,,,,,,,,,Yes,,,,,,,,,,,,,,,,,,,Chengdu Shuangliu Airport
125,CN,NANCHANG, Nanchang Harbour Administration Department ,"Yanjiang Bei Road Nanchang, Jiangxi 330008 China",,,, 28 41 46 N ,115 53 33 E,28.68333333333333,115.88333333333334, River Port , Small ,,,,,,,,,,,,,,,,,,,,,,,,,,,,,,,,,,,,,,,,,,,,Nanchang Changbei Airport
126,CN,NANGANG,,,,,, 23 5 11 N ,113 34 1 E,23.08333333333333,113.56666666666666,,,,,,,,,,,,,,,,,,,,,,,,,,,Yes,,,,,,,,,,,,,,,,,,,Guangzhou Baiyun Airport
127,CN,NANHUI,,,,,, 31 5 24 N ,121 51 34 E,31.08333333333333,121.85,,,,,,,,,,,,,,,,,,,,,,,,,,,Yes,,,,,,,,,,,,,,,,,,,Shanghai Pudong Airport
128,CN,NANJING,,,,,, 32 4 45 N ,118 43 57 E,32.06666666666667,118.71666666666668,,,Yes,157.0,522,,Yes,Very Small,Fair,over 500 feet,River Natural,Yes,Yes,Yes,,,31 - 35 ft,31 - 35 ft,1.0,26 - 30 ft,31 - 35 ft,Yes,Yes,Yes,,Yes,Yes,Yes,,,Yes,Yes,Yes,Yes,,Yes,Yes,Yes,Yes,,Yes,Yes,Limited,Up to 200 tons,,Nanjing Lukou Airport
129,CN,NANNING, Nanning Harbour Administration Department ,"3 Beida Nan Road Nanning, Guangxi Zhuang 530011 China",,,, 22 49 49 N ,108 18 11 E,22.816666666666666,108.3, River Port , Medium ,,,,,,,,,,,,,,,,,,,,,,,,,,,,,,,,,,,,,,,,,,,,Nanning Wuxu Airport
130,CN,NANSHA,,,,,, 22 44 35 N ,113 34 32 E,22.73333333333333,113.56666666666666,,,,,,,,,,,,,,,,,,,,,,,,,,,Yes,,,,,,,,,,,,,,,,,,,Shenzhen Baoan Airport
131,CN,NANTONG," Nantong Port Group Co., Ltd. ","Administration Office140 Renming Road ( W) Nantong, Jiangsu 226005 China", 86 513 351 3068 , 86 513 351 8230 , ntpa@public.nt.js.cn , 32 0 4 N ,120 49 49 E,32.0,120.81666666666666, Seaport , Medium ,,157.0,,,Yes,Small,Fair,less than 500 feet,River Natural,,Yes,,Yes,Yes,31 - 35 ft,26 - 30 ft,2.0,31 - 35 ft,21 - 25 ft,Yes,Yes,Yes,,,Yes,,,Yes,,Yes,Yes,Yes,Yes,Yes,Yes,Yes,Yes,,Yes,Yes,Limited,,657 ft to 984 ft,Nantong Xingdong Airport
132,CN,NINGBO, Ningbo Port Group Limited ,"Port Administration Office496 Yanjiang Dong Road Ningbo, Zhejiang 315200 China", 86 574 769 5142 , 86 574 769 5233 , npa_office@nbport.com.cn , 29 52 18 N ,121 33 33 E,29.86666666666667,121.55, Seaport , Medium ,,157.0,,,Yes,Small,Good,over 500 feet,River Natural,,Yes,Yes,Yes,,26 - 30 ft,16 - 20 ft,4.0,26 - 30 ft,16 - 20 ft,Yes,Yes,Yes,,Yes,Yes,Yes,,,Yes,Yes,Yes,Yes,Yes,,Yes,Yes,Yes,,Yes,,Moderate,Up to 200 tons,Up to 656 ft,Ningbo Lishe Airport
133,CN,NINGDE,,,,,, 26 39 31 N ,119 32 35 E,26.65,119.53333333333332,,,,,,,,,,,,,,,,,,,,,,,,,,,Yes,,,,,,,,,,,,,,,,,,,Beigan Airport
134,CN,PINGHU,,,,,, 30 41 27 N ,121 1 15 E,30.68333333333333,121.01666666666668,,,,,,,,,,,,,,,,,,,,,,,,,,,Yes,,,,,,,,,,,,,,,,,,,Shanghai Hongqiao Airport
135,CN,PIZHOU,,,,,, 34 17 60 N ,117 58 59 E,34.28333333333333,117.96666666666668,,,,,,,,,,,,,,,,,,,,,,,,,,,Yes,,,,,,,,,,,,,,,,,,,Xuzhou Guanyin Airport
136,CN,PUTIAN,,,,,, 25 25 36 N ,119 2 12 E,25.41666666666667,119.03333333333332,,,,,,,,,,,,,,,,,,,,,,,,,,,Yes,,,,,,,,,,,,,,,,,,,Quanzhou Jinjiang Airport
137,CN,QINGDAO, Qingdao Port Authority ,"Port Administration Office6 Gangqing Road Qingdao, Shandong 266011 China", 86 532 298 2011 , 86 532 2822878 , president@qdport.com , 36 3 53 N ,120 23 7 E,36.05,120.38333333333334, Seaport , Large ,Yes,,,,Yes, Medium , Excellent , Over 500 feet in length , Coastal Breakwater ,Yes,Yes,Yes,,Yes, 56 - 60 feet 17.1 - 18.2 meters ,16 - 20 ft,3.0,21 - 25 ft,31 - 35 ft,Yes,,Yes,,Yes,Yes,Yes,,,,Yes,Yes,Yes,Yes,Yes,Yes,Yes,Yes,Yes,Yes,, Major ,Up to 200 tons,657 ft to 984 ft,Qingdao Jiaodong Airport
138,CN,QINGPU,,,,,, 31 8 60 N ,121 7 59 E,31.13333333333333,121.11666666666666,,,,,,,,,,,,,,,,,,,,,,,,,,,Yes,,,,,,,,,,,,,,,,,,,Shanghai Hongqiao Airport
139,CN,QINGXI,,,,,, 22 30 36 N ,114 5 24 E,22.5,114.08333333333331,,,,,,,,,,,,,,,,,,,,,,,,,,,Yes,,,,,,,,,,,,,,,,,,,Shenzhen Baoan Airport
140,CN,QINGYUAN,,,,,, 24 56 13 N ,117 13 48 E,24.93333333333333,117.21666666666668,,,,,,,,,,,,,,,,,,,,,,,,,,,Yes,,,,,,,,,,,,,,,,,,,Xiamen Gaoqi Airport
141,CN,QINHUANGDAO, Qinhuangdao Port Affairs Bureau ,"35 Haibin Road Haigang District Qinhuangdao, Hebei 066002 China", 86 335 309 3222 , 86 335 341 5467 ,, 39 54 37 N ,119 36 27 E,39.9,119.6, Harbor , Small ,Yes,157.0,,,Yes, Medium , Fair , Over 500 feet in length , Coastal Natural ,Yes,,,Yes,,31 - 35 ft,21 - 25 ft,1.0,36 - 40 ft,36 - 40 ft,Yes,,Yes,,Yes,Yes,Yes,,Yes,Yes,,Yes,,Yes,Yes,Yes,Yes,Yes,,Yes,Yes, Limited ,Up to 200 tons,Up to 656 ft,Qinhuangdao Beidaihe Airport
142,CN,QINZHOU,,,,,, 21 40 59 N ,108 38 49 E,21.66666666666667,108.63333333333334,,,Yes,161.0,,,,Very Small,Fair,over 500 feet,Coastal Natural,,,,No,,41 - 45 ft,31 - 35 ft,5.0,36 - 40 ft,21 - 25 ft,,,Yes,,Yes,Yes,,,,,,Yes,,,,,,,,Yes,Yes,,,Up to 656 ft,Nanning Wuxu Airport
143,CN,QUANZHOU, Quanzhou Port Authority ,"Port Administration Office Harbour Building Quanzhou, Fujian 362000 China", 86 595 2258 2725 , 86 595 2258 2725 ,, 24 52 59 N ,118 35 60 E,24.86666666666667,118.58333333333331, River Port , Small ,Yes,157.0,94060,,Yes,Small,Fair,,Coastal Natural,,Yes,,,Yes,16 - 20 ft,16 - 20 ft,5.0,36 - 40 ft,51 - 55 ft,Yes,Yes,Yes,,Yes,,,,,Yes,Yes,Yes,,Yes,Yes,Yes,Yes,Yes,,Yes,Yes,None,,,Quanzhou Jinjiang Airport
144,CN,RANLISHAN,,,,,, 30 26 9 N ,120 50 10 E,30.43333333333333,120.83333333333331,,,,,,,,,,,,,,,,,,,,,,,,,,,Yes,,,,,,,,,,,,,,,,,,,Hangzhou Xiaoshan Airport
145,CN,RIZHAO, Rizhao Port Authority ,"Huanghai No 1 Road Rizhao, Shandong 276826 China", 86 633 838 2954 , 86 633 833 8955 ,, 35 21 52 N ,119 33 31 E,35.35,119.55, Seaport , Medium ,,157.0,94280,,Yes,Very Small,Poor,less than 500 feet,Coastal Natural,Yes,Yes,,Yes,,46 - 51 ft,36 - 40 ft,5.0,56 - 60 ft,16 - 20 ft,,,Yes,,Yes,Yes,Yes,,,,Yes,Yes,Yes,Yes,,,Yes,Yes,,Yes,,Limited,,,Qingdao Jiaodong Airport
146,CN,RONGCHENG,,,,,, 37 5 24 N ,122 13 48 E,37.083333333333336,122.21666666666668,,,,,,,,,,,,,,,,,,,,,,,,,,,Yes,,,,,,,,,,,,,,,,,,,Weihai Dashuipo Airport
147,CN,RONGQI, Rongqi Harbour Administration Department ,"Changti Rongqi, Guandong 528000 China",,,, 22 42 59 N ,113 13 10 E,22.7,113.21666666666668, River Port , Medium ,,,,,,,,,,,,,,,,,,,,,,,,,,,,,,,,,,,,,,,,,,,,Shenzhen Baoan Airport
148,CN,RUGAO,,,,,, 32 3 0 N ,120 36 21 E,32.05,120.6,,,,,,,,,,,,,,,,,,,,,,,,,,,Yes,,,,,,,,,,,,,,,,,,,Nantong Xingdong Airport
149,CN,RUILI,,,,,, 24 0 0 N ,97 30 0 E,24.0,97.5,,,,,,,,,,,,,,,,,,,,,,,,,,,Yes,,,,,,,,,,,,,,,,,,,Dehong Mangshi Airport
150,CN,SAIQI,,,,,, 26 34 47 N ,119 24 35 E,26.566666666666666,119.4,,,,,,,,,,,,,,,,,,,,,,,,,,,Yes,,,,,,,,,,,,,,,,,,,Fuzhou Changle Airport
151,CN,SANBING,,,,,, 31 34 25 N ,117 48 11 E,31.566666666666666,117.8,,,,,,,,,,,,,,,,,,,,,,,,,,,Yes,,,,,,,,,,,,,,,,,,,Hefei Xinqiao Airport
152,CN,SANSHAN,,,,,, 31 15 8 N ,118 10 25 E,31.25,118.16666666666669,,,,,,,,,,,,,,,,,,,,,,,,,,,,,,,,,,,,,,,,,,,,,,Nanjing Lukou Airport
153,CN,SANSHUI,,,,,, 30 55 20 N ,104 19 48 E,30.91666666666667,104.31666666666666,,,,,,,,,,,,,,,,,,,,,,,,,,,Yes,,,,,,,,,,,,,,,,,,,Chengdu Shuangliu Airport
154,CN,SANYA, Hai Port Management Bureau ,"Sanya Port Admin Office Jiangang Road Sanya, Hai 572100 China", 86 899 827 4031 , 86 899 827 4153 ,, 18 17 10 N ,109 28 28 E,18.28333333333333,109.46666666666668, Seaport , Small ,,161.0,93698,,,Very Small,Fair,less than 500 feet,Open Roadstead,,Yes,,Yes,,21 - 25 ft,11 - 15 ft,0.0,16 - 20 ft,,,,,,Yes,,,,,Yes,,,,,,Yes,Yes,Yes,,Yes,,Limited,,,Sanya Phoenix Airport
155,CN,SHAHEZI,,,,,, 45 49 59 N ,128 49 0 E,45.81666666666667,128.81666666666666,,,,,,,,,,,,,,,,,,,,,,,,,,,Yes,,,,,,,,,,,,,,,,,,,Mudanjiang Hailang Airport
156,CN,SHANGHAI," Shanghai International Port (Group) Co., Ltd. ","358 East Daming Road Shanghai, Shanghai 200080 China", +8621 55333388 , +8621 63217936 , contact@portshanghai.com.cn , 31 24 0 N ,121 29 49 E,31.4,121.48333333333332, Seaport , Very Large ,Yes,157.0,94219/6,No,Yes, Large , Good , Over 500 feet in length , River Natural ,Yes,Yes,Yes,Yes,Yes,26 - 30 ft,11 - 15 ft,6.0,26 - 30 ft,31 - 35 ft,Yes,Yes,Yes,Yes,Yes,Yes,Yes,Yes,Yes,Yes,Yes,Yes,Yes,Yes,Yes,Yes,Yes,Yes,Yes,Yes,Yes, Major ,"over 1,000 tons",985 ft and over,Shanghai Hongqiao Airport
157,CN,SHANTOU, Shantou Port Affairs Bureau ,1 Shang Ping Road Guangdong Shantou 515011 China, 86 754 893 2345 , 86 754 885 0425 ,, 23 21 7 N ,116 41 36 E,23.35,116.68333333333334, Seaport , Medium ,Yes,,,No,Yes, Small , Good , Over 500 feet in length , River Natural ,,Yes,Yes,,No,26 - 30 ft,16 - 20 ft,3.0,16 - 20 ft,11 - 15 ft,Yes,Yes,Yes,,Yes,Yes,,,,,,,Yes,Yes,Yes,Yes,Yes,Yes,,Yes,Yes, Limited ,,Up to 656 ft,Jieyang Chaoshan Airport
158,CN,SHANWEI, Shanwei Port Authority ,"Port Administration Office Xinggang Road Shanwei, Guangdong 516600 China", 86 660 323 8777 , 86 660 333 8393 ,, 22 46 28 N ,115 21 5 E,22.766666666666666,115.35, Harbor , Small ,,,,,,,,,,,,,,,,,,,,,,,,,,,,,,,,,,,,,,,,,,,,Jieyang Chaoshan Airport
159,CN,SHAOXING,,,,,, 30 0 0 N ,120 20 24 E,30.0,120.33333333333331,,,,,,,,,,,,,,,,,,,,,,,,,,,,,,,,,,,,,,,,,,,,,,Hangzhou Xiaoshan Airport
160,CN,SHASHI,,,,,, 30 18 5 N ,112 14 58 E,30.3,112.23333333333332,,,,,,,,,,,,,,,,,,,,,,,,,,,Yes,,,,,,,,,,,,,,,,,,,Yichang Sanxia Airport
161,CN,SHATIAN,,,,,, 23 35 24 N ,113 32 24 E,23.58333333333333,113.53333333333332,,,,,,,,,,,,,,,,,,,,,,,,,,,Yes,,,,,,,,,,,,,,,,,,,Guangzhou Baiyun Airport
162,CN,SHEKOU," China Merchants Shekou Port Service Co., Ltd. ","Gang Wan Yi Lu Shekou Industrial Zone, Shekou Shenzhen, Guangdong 518067 China", 86 755 2669 1135 , 86 755 2668 5859 ,, 22 31 10 N ,113 54 7 E,22.516666666666666,113.9, Seaport , Large ,Yes,161.0,93721,No,Yes, Medium , Good , Over 500 feet in length , Coastal Natural ,Yes,Yes,Yes,,No,31 - 35 ft,41 - 45 ft,2.0,36 - 40 ft,36 - 40 ft,Yes,Yes,Yes,Yes,Yes,Yes,Yes,,,,Yes,Yes,Yes,Yes,Yes,Yes,Yes,Yes,Yes,Yes,Yes, Limited ,Up to 200 tons,,Shenzhen Baoan Airport
163,CN,SHENWAN,,,,,, 22 19 51 N ,113 20 0 E,22.316666666666666,113.33333333333331,,,,,,,,,,,,,,,,,,,,,,,,,,,Yes,,,,,,,,,,,,,,,,,,,Macao International Airport
164,CN,SHENYANG,,,,,, 41 28 47 N ,123 15 0 E,41.46666666666667,123.25,,,,,,,,,,,,,,,,,,,,,,,,,,,Yes,,,,,,,,,,,,,,,,,,,Shenyang Taoxian Airport
165,CN,SHENZHEN,,,,,, 22 31 1 N ,114 1 43 E,22.516666666666666,114.01666666666668,,,,,,,,,,,,,,,,,,,,,,,,,,,Yes,,,,,,,,,,,,,,,,,,,Shenzhen Baoan Airport
166,CN,SHEYANG,,,,,, 33 27 36 N ,120 9 0 E,33.45,120.15,,,,,,,,,,,,,,,,,,,,,,,,,,,Yes,,,,,,,,,,,,,,,,,,,Yancheng Nanyang Airport
167,CN,SHIDAO,,,,,, 36 52 59 N ,122 25 0 E,36.86666666666667,122.41666666666669,,,,,,,,,,,,,,,,,,,,,,,,,,,Yes,,,,,,,,,,,,,,,,,,,Weihai Dashuipo Airport
168,CN,SHIPU,,,,,, 29 17 23 N ,121 30 36 E,29.28333333333333,121.5,,,,,,,,,,,,,,,,,,,,,,,,,,,Yes,,,,,,,,,,,,,,,,,,,Ningbo Lishe Airport
169,CN,SHIQIAO,,,,,, 22 55 47 N ,113 20 25 E,22.91666666666667,113.33333333333331,,,,,,,,,,,,,,,,,,,,,,,,,,,Yes,,,,,,,,,,,,,,,,,,,Guangzhou Baiyun Airport
170,CN,SHUI DONG,,,,,, 21 28 47 N ,111 3 48 E,21.466666666666665,111.05,,,,161.0,93720,,,Very Small,Fair,less than 500 feet,Coastal Breakwater,Yes,Yes,,No,,31 - 35 ft,16 - 20 ft,2.0,31 - 35 ft,21 - 25 ft,Yes,Yes,Yes,,Yes,Yes,,,,Yes,,,Yes,Yes,,Yes,Yes,Yes,,Yes,,Limited,,,Haikou Meilan Airport
171,CN,SHUNDE,,,,,, 22 45 16 N ,113 24 21 E,22.75,113.4,,,,,,,,,,,,,,,,,,,,,,,,,,,Yes,,,,,,,,,,,,,,,,,,,Shenzhen Baoan Airport
172,CN,SIAN,,,,,, 30 55 0 N ,119 40 0 E,30.91666666666667,119.66666666666669,,,,,,,,,,,,,,,,,,,,,,,,,,,Yes,,,,,,,,,,,,,,,,,,,Wuxi Shuofang Airport
173,CN,SIMAO,,,,,, 22 28 47 N ,100 34 48 E,22.466666666666665,100.56666666666666,,,,,,,,,,,,,,,,,,,,,,,,,,,Yes,,,,,,,,,,,,,,,,,,,Xishuangbanna Gasa Airport
174,CN,SIPING,,,,,, 41 2 60 N ,124 26 23 E,41.03333333333333,124.43333333333334,,,,,,,,,,,,,,,,,,,,,,,,,,,Yes,,,,,,,,,,,,,,,,,,,Shenyang Taoxian Airport
175,CN,SONGJIANG, Songjiang Shipping Administration Department ,"26 Renmin Qiao Road Songjiang, Shanghai 201600 China",,,, 30 57 45 N ,121 14 42 E,30.95,121.23333333333332, River Port , Small ,,,,,,,,,,,,,,,,,,,,,,,,,,,,,,,,,,,,,,,,,,,,Shanghai Hongqiao Airport
176,CN,SUZHOU, Suzhou Harbour Administration Department ,"62 Laodong Road Suzhou, Jiangsu 215004 China",,,, 31 18 0 N ,120 37 59 E,31.3,120.61666666666666, Harbor , Small ,,,,,,,,,,,,,,,,,,,,,,,,,,,,,,,,,,,,,,,,,,,,Wuxi Shuofang Airport
177,CN,TAIAN,,,,,, 36 10 57 N ,117 7 44 E,36.16666666666666,117.11666666666666,,,,,,,,,,,,,,,,,,,,,,,,,,,Yes,,,,,,,,,,,,,,,,,,,Jinan Yaoqiang Airport
178,CN,TAICHANG, Taicang Port Authority ,"Taicang, Jiangsu 215400 China",,,, 31 38 23 N ,121 11 14 E,31.63333333333333,121.18333333333334," Pier, Jetty or Wharf ", Small ,,,,,,,,,,,,,,,,,,,,,,,,,,,,,,,,,,,,,,,,,,,,Shanghai Hongqiao Airport
179,CN,TAICHENG,,,,,, 22 8 60 N ,112 28 11 E,22.13333333333333,112.46666666666668,,,,,,,,,,,,,,,,,,,,,,,,,,,Yes,,,,,,,,,,,,,,,,,,,Zhuhai Jinwan Airport
180,CN,TAIPING, Taiping Harbour Administration Office ,"14 Changdi Road Humen Town Dongwan City, Guangdong 511761 China",,,, 22 49 3 N ,113 39 55 E,22.816666666666666,113.65, Harbor , Small ,,,,,,,,,,,,,,,,,,,,,,,,,,,,,,,,,,,,,,,,,,,,Shenzhen Baoan Airport
181,CN,TAIXING,,,,,, 32 7 21 N ,119 56 10 E,32.11666666666667,119.93333333333334,,,,,,,,,,,,,,,,,,,,,,,,,,,Yes,,,,,,,,,,,,,,,,,,,Changzhou Benniu Airport
182,CN,TAIYUAN,,,,,, 37 32 24 N ,112 19 48 E,37.53333333333333,112.31666666666666,,,,,,,,,,,,,,,,,,,,,,,,,,,Yes,,,,,,,,,,,,,,,,,,,Taiyuan Wusu Airport
183,CN,TAIZHOU,,,,,, 28 50 12 N ,121 6 41 E,28.83333333333333,121.1,,,,,,,,,,,,,,,,,,,,,,,,,,,Yes,,,,,,,,,,,,,,,,,,,Wenzhou Longwan Airport
184,CN,TANGGU,,,,,, 39 0 35 N ,117 23 23 E,39.0,117.38333333333334,,,,,,,,,,,,,,,,,,,,,,,,,,,Yes,,,,,,,,,,,,,,,,,,,Tianjin Binhai Airport
185,CN,TANGSHAN, Tangshan Port Authority ,"Harbour Administration Office Haigang Development Zone Tangshan, Hebei 063600 China", 86 315 291 4059 , 86 315 291 4287 ,, 39 13 0 N ,119 1 0 E,39.21666666666667,119.01666666666668, Harbor , Small ,,,,,,,,,,,,,,,,,,,,,,,,,,,,,,,,,,,,,,,,,,,,Qinhuangdao Beidaihe Airport
186,CN,TIANJIN, Port of Tianjin Authority ,"35 Xingang Road No 2 Tanggu Tianjin, Heibei 300456 China", 86 22 2570 5239 , 86 22 2570 9747 , wsc@tianjinport.ptacn.com , 38 59 12 N ,117 44 41 E,38.98333333333333,117.73333333333332, Seaport , Large ,,,,,,,,,,,,,,,,,,,,,,,,,,,,,,,,,,,,,,,,,,,,Tianjin Binhai Airport
187,CN,TIANZHEN,,,,,, 29 55 0 N ,115 25 0 E,29.91666666666667,115.41666666666669,,,,,,,,,,,,,,,,,,,,,,,,,,,Yes,,,,,,,,,,,,,,,,,,,Nanchang Changbei Airport
188,CN,TIELING,,,,,, 42 10 12 N ,123 30 0 E,42.16666666666666,123.5,,,,,,,,,,,,,,,,,,,,,,,,,,,Yes,,,,,,,,,,,,,,,,,,,Shenyang Taoxian Airport
189,CN,TONGJIANG, Tongjiang Port Authority ,"Tongjiang, Heilongjiang China", 86 454 292 2154 ,,, 47 30 0 N ,132 19 59 E,47.5,132.31666666666666, River Port , Very Small ,,,,,,,,,,,,,,,,,,,,,,,,,,,,,,,,,,,,,,,,,,,,Jiamusi Jiamusi Airport
190,CN,TONGLING,,,,,, 0 0 0 N ,0 0 0 E,0.0,0.0,,,,,,,,,,,,,,,,,,,,,,,,,,,Yes,,,,,,,,,,,,,,,,,,,Kashi Kashi Airport
191,CN,TONGSHAN,,,,,, 34 19 59 N ,117 10 59 E,34.31666666666667,117.16666666666669,,,,,,,,,,,,,,,,,,,,,,,,,,,Yes,,,,,,,,,,,,,,,,,,,Xuzhou Guanyin Airport
192,CN,WANDING,,,,,, 24 3 35 N ,98 2 24 E,24.05,98.03333333333332,,,,,,,,,,,,,,,,,,,,,,,,,,,Yes,,,,,,,,,,,,,,,,,,,Dehong Mangshi Airport
193,CN,WANXIAN,,,,,, 30 49 18 N ,108 24 46 E,30.816666666666666,108.4,,,,157.0,522,,,Very Small,Good,,River Natural,,,,,,6 - 10 ft,,90.0,41 - 45 ft,,,,,,,Yes,,,,,Yes,,Yes,Yes,,,,Yes,,,,Emergency only,Up to 200 tons,,Wanzhou Wuqiao Airport
194,CN,WANZAI,,,,,, 22 6 35 N ,113 18 36 E,22.1,113.3,,,,,,,,,,,,,,,,,,,,,,,,,,,Yes,,,,,,,,,,,,,,,,,,,Zhuhai Jinwan Airport
195,CN,WEIHAI,,,,,, 37 30 32 N ,122 7 35 E,37.5,122.11666666666666,,,,157.0,94427,,Yes,Medium,Excellent,less than 500 feet,Coastal Natural,,,,,Yes,76 - over ft,36 - 40 ft,1.0,66 - 70 ft,,Yes,Yes,Yes,,Yes,Yes,,,,,Yes,Yes,Yes,Yes,,,Yes,Yes,Yes,Yes,,,,,Weihai Dashuipo Airport
196,CN,WEITANG,,,,,, 30 56 60 N ,120 52 59 E,30.93333333333333,120.86666666666666,,,,,,,,,,,,,,,,,,,,,,,,,,,Yes,,,,,,,,,,,,,,,,,,,Shanghai Hongqiao Airport
197,CN,WEITOU,,,,,, 24 31 37 N ,118 35 25 E,24.516666666666666,118.58333333333331,,,,,,,,,,,,,,,,,,,,,,,,,,,Yes,,,,,,,,,,,,,,,,,,,Kinmen Airport
198,CN,WEIZHOU MARINE TERMINAL,,,,,, 21 2 28 N ,109 6 20 E,21.03333333333333,109.1,,,,,,,,,,,,,,,,,,,,,,,,,,,Yes,,,,,,,,,,,,,,,,,,,Haikou Meilan Airport
199,CN,WENZHOU, Wenzhou Port Group ,"Flr 7-8, Jiangrun Mansion Jiangbin Road Wenzhou, Zhejiang 325000 China", 86 577 8819 2999 , 86 577 8818 6775 , office@wzport.com , 28 2 6 N ,120 39 56 E,28.03333333333333,120.65, Ferry , Medium ,,157.0,,,Yes,Medium,Good,less than 500 feet,River Natural,,Yes,Yes,,Yes,11 - 15 ft,41 - 45 ft,4.0,71 - 75 ft,36 - 40 ft,Yes,Yes,Yes,,Yes,,Yes,,,,Yes,Yes,Yes,,,Yes,Yes,,,Yes,Yes,Limited,,Up to 656 ft,Wenzhou Longwan Airport
200,CN,WUHAN, Wuhan Port Group Co Ltd ,"Hankou Yanjiang Road 91# Wuhan, Hubei 430014 China", 86-27-82824776 ,, jtb@wuhanport.com , 30 35 29 N ,114 18 29 E,30.58333333333333,114.3, River Port , Medium ,,,,,,,,,,,,,,,,,,,,,,,,,,,,,,,,,,,,,,,,,,,,Wuhan Tianhe Airport
201,CN,WUHU, Wuhu Port Authority ,"Port Administration Office32 Jiang'an Rd Wuhu, Anhui 241000 China", 86 553 383 9153 , 86 553 381 1064 ,, 31 20 2 N ,118 21 32 E,31.33333333333333,118.35, River Port , Medium ,,,,,Yes, Small , Fair ,, River Natural ,,,,,,21 - 25 ft,11 - 15 ft,,31 - 35 ft,26 - 30 ft,Yes,,Yes,,Yes,Yes,Yes,,,Yes,,Yes,,,,,Yes,Yes,,Yes,Yes, None ,,,Nanjing Lukou Airport
202,CN,WUTONG,,,,,, 30 37 0 N ,120 32 60 E,30.61666666666667,120.53333333333332,,,,,,,,,,,,,,,,,,,,,,,,,,,Yes,,,,,,,,,,,,,,,,,,,Hangzhou Xiaoshan Airport
203,CN,WUXI,,,,,, 31 34 26 N ,120 17 16 E,31.566666666666666,120.28333333333332,,,,,,,,,,,,,,,,,,,,,,,,,,,Yes,,,,,,,,,,,,,,,,,,,Wuxi Shuofang Airport
204,CN,WUXUE,,,,,, 29 51 0 N ,115 30 0 E,29.85,115.5,,,,,,,,,,,,,,,,,,,,,,,,,,,Yes,,,,,,,,,,,,,,,,,,,Nanchang Changbei Airport
205,CN,WUZHOU, Wuzhou Harbour Administration Department ,"59 Nandi Road Wuzhou, Guangxi 543000 China",,,, 23 28 15 N ,111 18 28 E,23.466666666666665,111.3, River Port , Medium ,,,,,,,,,,,,,,,,,,,,,,,,,,,,,,,,,,,,,,,,,,,,Guangzhou Baiyun Airport
206,CN,XIAHAI,,,,,, 21 9 13 N ,110 24 4 E,21.15,110.4,,,,,,,,,,,,,,,,,,,,,,,,,,,Yes,,,,,,,,,,,,,,,,,,,Haikou Meilan Airport
207,CN,XIALONG,,,,,, 25 25 12 N ,119 13 48 E,25.41666666666667,119.21666666666668,,,,,,,,,,,,,,,,,,,,,,,,,,,Yes,,,,,,,,,,,,,,,,,,,Fuzhou Changle Airport
208,CN,XIAMEN, Xiamen Port Authority ,"127 Dongdu Road Xiamen, Fujian 361012 China", 86 592 561 4889 , 86 592 561 2682 , xpgco@public.xm.fj.cn , 24 26 24 N ,118 5 9 E,24.43333333333333,118.08333333333331, Seaport , Medium ,Yes,157.0,94061,,Yes, Small , Good , Over 500 feet in length , Coastal Natural ,Yes,Yes,Yes,Yes,No,31 - 35 ft,11 - 15 ft,5.0,36 - 40 ft,21 - 25 ft,Yes,,Yes,,Yes,Yes,,,,Yes,Yes,Yes,,Yes,Yes,Yes,Yes,Yes,Yes,Yes,, Moderate ,"201 to 1,000 tons",657 ft to 984 ft,Xiamen Gaoqi Airport
209,CN,XIAN,,,,,, 34 10 12 N ,108 34 11 E,34.166666666666664,108.56666666666666,,,,,,,,,,,,,,,,,,,,,,,,,,,Yes,,,,,,,,,,,,,,,,,,,XiAn Xianyang Airport
210,CN,XIANGTAN,,,,,, 27 30 36 N ,112 32 24 E,27.5,112.53333333333332,,,,,,,,,,,,,,,,,,,,,,,,,,,Yes,,,,,,,,,,,,,,,,,,,Changsha Huanghua Airport
211,CN,XIANYANG,,,,,, 34 11 23 N ,108 20 60 E,34.18333333333333,108.33333333333331,,,,,,,,,,,,,,,,,,,,,,,,,,,Yes,,,,,,,,,,,,,,,,,,,XiAn Xianyang Airport
212,CN,XIAOGAN,,,,,, 30 55 9 N ,113 54 0 E,30.91666666666667,113.9,,,,,,,,,,,,,,,,,,,,,,,,,,,Yes,,,,,,,,,,,,,,,,,,,Wuhan Tianhe Airport
213,CN,XIAOLAN,,,,,, 22 46 49 N ,113 17 18 E,22.766666666666666,113.28333333333332,,,,,,,,,,,,,,,,,,,,,,,,,,,Yes,,,,,,,,,,,,,,,,,,,Shenzhen Baoan Airport
214,CN,XIAOPU,,,,,, 31 1 59 N ,119 50 60 E,31.016666666666666,119.83333333333331,,,,,,,,,,,,,,,,,,,,,,,,,,,Yes,,,,,,,,,,,,,,,,,,,Wuxi Shuofang Airport
215,CN,XIAOSHAN, Xiaoshan Shipping Administration Department ,"91 Xiaoxi Road Chengxiang Town Xiaoshan, Zhejiang 311200 China",,,, 30 12 25 N ,120 12 59 E,30.2,120.2, River Port , Small ,,,,,,,,,,,,,,,,,,,,,,,,,,,,,,,,,,,,,,,,,,,,Hangzhou Xiaoshan Airport
216,CN,XIASHI,,,,,, 30 30 0 N ,120 42 0 E,30.5,120.7,,,,,,,,,,,,,,,,,,,,,,,,,,,Yes,,,,,,,,,,,,,,,,,,,Hangzhou Xiaoshan Airport
217,CN,XIDI,,,,,, 23 21 1 N ,116 40 11 E,23.35,116.66666666666669,,,,,,,,,,,,,,,,,,,,,,,,,,,Yes,,,,,,,,,,,,,,,,,,,Jieyang Chaoshan Airport
218,CN,XIJIANG MARINE TERMINAL,,,,,, 21 17 59 N ,114 56 59 E,21.28333333333333,114.93333333333334,,,,,,,,,,,,,,,,,,,,,,,,,,,Yes,,,,,,,,,,,,,,,,,,,Macao International Airport
219,CN,XINFENG,,,,,, 27 10 5 N ,116 6 26 E,27.16666666666667,116.1,,,,,,,,,,,,,,,,,,,,,,,,,,,Yes,,,,,,,,,,,,,,,,,,,Nanchang Changbei Airport
220,CN,XINGANG,,,,,, 38 58 47 N ,117 44 26 E,38.96666666666667,117.73333333333332,,,,,,,,,,,,,,,,,,,,,,,,,,,Yes,,,,,,,,,,,,,,,,,,,Tianjin Binhai Airport
221,CN,XINGHUA,,,,,, 32 57 0 N ,119 49 0 E,32.95,119.81666666666666,,,,,,,,,,,,,,,,,,,,,,,,,,,Yes,,,,,,,,,,,,,,,,,,,Yangzhou Taizhou Airport
222,CN,XINGYI,,,,,, 25 1 48 N ,104 35 24 E,25.016666666666666,104.58333333333331,,,,,,,,,,,,,,,,,,,,,,,,,,,Yes,,,,,,,,,,,,,,,,,,,Kunming Changshui Airport
223,CN,XINHUI,,,,,, 22 27 0 N ,113 1 54 E,22.45,113.01666666666668,,,,,,,,,,,,,,,,,,,,,,,,,,,Yes,,,,,,,,,,,,,,,,,,,Zhuhai Jinwan Airport
224,CN,XINXIANG,,,,,, 35 10 48 N ,113 31 11 E,35.166666666666664,113.51666666666668,,,,,,,,,,,,,,,,,,,,,,,,,,,Yes,,,,,,,,,,,,,,,,,,,Zhengzhou Xinzhheng Airport
225,CN,XIUYU,,,,,, 25 13 0 N ,118 59 24 E,25.216666666666665,118.98333333333332,,,,157.0,94060,,,Very Small,Fair,less than 500 feet,Coastal Breakwater,,,,No,,41 - 45 ft,11 - 15 ft,5.0,26 - 30 ft,16 - 20 ft,Yes,Yes,Yes,,,Yes,Yes,,,,,Yes,,Yes,Yes,,Yes,Yes,,Yes,,,,,Quanzhou Jinjiang Airport
226,CN,XUZHOU, Xuzhou Harbour Administration Bureau ,"Mengjiagou Northern Suburb Xuzhou, Jiangsu 221007 China",,,, 34 15 0 N ,117 10 0 E,34.25,117.16666666666669, River Port , Small ,,,,,,,,,,,,,,,,,,,,,,,,,,,,,,,,,,,,,,,,,,,,Xuzhou Guanyin Airport
227,CN,YANGJIANG,,,,,, 21 49 20 N ,111 58 0 E,21.816666666666666,111.96666666666668,,,,,,,,,,,,,,,,,,,,,,,,,,,Yes,,,,,,,,,,,,,,,,,,,Zhuhai Jinwan Airport
228,CN,YANGPU, SDIC Yangpu Ltd ,"Xinpu Building Yangpu Economic Dev Zone Yangpu, Hai China", 86 890 882 2292 , 86 890 882 2292 ,, 19 44 18 N ,109 11 19 E,19.733333333333334,109.18333333333334, Seaport , Small ,,161.0,93610,,,Very Small,Poor,less than 500 feet,Coastal Breakwater,,,,,,26 - 30 ft,41 - 45 ft,2.0,26 - 30 ft,,Yes,Yes,Yes,,Yes,,Yes,,,,Yes,Yes,,Yes,,Yes,Yes,Yes,,Yes,,Limited,,,Haikou Meilan Airport
229,CN,YANGSHAN,,,,,, 30 37 31 N ,122 4 8 E,30.61666666666667,122.06666666666666,,,,,,,,,,,,,,,,,,,,,,,,,,,Yes,,,,,,,,,,,,,,,,,,,Shanghai Pudong Airport
230,CN,YANGZHOU,,Yangzhou China,,,, 32 25 1 N ,119 30 25 E,32.416666666666664,119.5, Seaport , Small ,,157.0,,,,Small,Fair, Up to 500 feet in length , River Natural ,Yes,Yes,,Yes,,16 - 20 ft,26 - 30 ft,2.0,31 - 35 ft,21 - 25 ft,Yes,Yes,Yes,,Yes,,,,,,Yes,Yes,,Yes,Yes,Yes,Yes,Yes,,Yes,,Limited,,,Yangzhou Taizhou Airport
231,CN,YANTAI, Yantai Port Group Limited ,"155 Beima Road Yantai, Shandong 264000 China", 86 535 674 2134 , 86 535 624 1892 , ytport@yantaiport.com.cn , 37 32 55 N ,121 24 23 E,37.53333333333333,121.4, Seaport , Medium ,,157.0,,No,Yes, Small , Good ,less than 500 feet, Coastal Breakwater ,,,Yes,,,26 - 30 ft,21 - 25 ft,2.0,26 - 30 ft,,Yes,Yes,Yes,,Yes,Yes,Yes,,,,Yes,Yes,Yes,Yes,Yes,Yes,Yes,,Yes,Yes,Yes, Limited ,"201 to 1,000 tons",,Yantai Penglai Airport
232,CN,YANTIAN," Shenzhen Yantian Port Holdings Co.,Ltd ",Yantian China, 86 755 8379 7111 , 86 755 8379 7138 ,, 22 35 0 N ,114 17 31 E,22.58333333333333,114.28333333333332, Seaport , Large ,Yes,161.0,93730,,Yes, Small , Good , Up to 500 feet in length , River Natural ,,,Yes,Yes,Yes,46 - 50 ft,46 - 51 ft,1.0,71 - 75 ft,21 - 25 ft,Yes,Yes,Yes,,Yes,Yes,,,,,Yes,Yes,Yes,Yes,,Yes,Yes,Yes,,Yes,, Limited ,Up to 200 tons,,Shenzhen Baoan Airport
233,CN,YIBIN,,,,,, 28 41 60 N ,104 32 60 E,28.68333333333333,104.53333333333332,,,,,,,,,,,,,,,,,,,,,,,,,,,Yes,,,,,,,,,,,,,,,,,,,Chengdu Tianfu Airport
234,CN,YICHANG, Yichang Harbour Administration Bureau ,"282 Yanjiang Road Yichang, Hubei 443003 China",,,, 31 10 0 N ,111 27 0 E,31.16666666666667,111.45, River Port , Small ,,,,,Yes, Very Small , Fair ,, River Natural ,,,,,,11 - 15 ft,,34.0,11 - 15 ft,,Yes,,,,,Yes,,,,,,Yes,Yes,,Yes,,Yes,Yes,,Yes,, Emergency Only ,,,Yichang Sanxia Airport
235,CN,YINGKOU, Yingkou Harbour Administration ,"Admin Off, 1 Xingang Rd Bayuquan District Yingkou, Liaoning 115007 China", 86 417 625 1778 , 86 417 625 1523 ,, 40 40 55 N ,122 15 8 E,40.66666666666666,122.25, Seaport , Small ,Yes,157.0,,,Yes, Small , Fair , Over 500 feet in length , River Natural ,Yes,,,,,11 - 15 ft,36 - 40 ft,2.0,26 - 30 ft,31 - 35 ft,Yes,Yes,Yes,,Yes,Yes,Yes,Yes,,,Yes,Yes,Yes,Yes,,Yes,Yes,Yes,,Yes,Yes, Limited ,Up to 200 tons,,Shenyang Taoxian Airport
236,CN,YINING,,,,,, 43 32 60 N ,81 12 0 E,43.53333333333333,81.2,,,,,,,,,,,,,,,,,,,,,,,,,,,Yes,,,,,,,,,,,,,,,,,,,Kuqa Qiuci Airport
237,CN,YIYANG,,,,,, 28 35 30 N ,112 21 8 E,28.58333333333333,112.35,,,,,,,,,,,,,,,,,,,,,,,,,,,Yes,,,,,,,,,,,,,,,,,,,Changde Airport
238,CN,YIZHENG,,,,,, 32 9 35 N ,119 5 60 E,32.15,119.08333333333331,,,,,,,,,,,,,,,,,,,,,,,,,,,Yes,,,,,,,,,,,,,,,,,,,Nanjing Lukou Airport
239,CN,YUANJIANG,,,,,, 28 49 56 N ,112 23 24 E,28.816666666666666,112.38333333333334,,,,,,,,,,,,,,,,,,,,,,,,,,,Yes,,,,,,,,,,,,,,,,,,,Changde Airport
240,CN,YUEYANG,,,,,, 29 21 30 N ,113 7 44 E,29.35,113.11666666666666,,,,,,,,,,,,,,,,,,,,,,,,,,,Yes,,,,,,,,,,,,,,,,,,,Changsha Huanghua Airport
241,CN,YUNFU,,,,,, 22 33 35 N ,112 1 11 E,22.55,112.01666666666668,,,,,,,,,,,,,,,,,,,,,,,,,,,Yes,,,,,,,,,,,,,,,,,,,Zhuhai Jinwan Airport
242,CN,ZAOZHUANG,,,,,, 34 52 1 N ,117 33 10 E,34.86666666666667,117.55,,,,,,,,,,,,,,,,,,,,,,,,,,,Yes,,,,,,,,,,,,,,,,,,,Xuzhou Guanyin Airport
243,CN,ZHANGJIAGANG, Zhangjiagang Port Authority ,"Port Administration Office Xiangshan Road Zhangjiagang, Jiangsu 215633 China", 86 512 5833 1701 , 86 512 5833 2473 ,, 31 57 39 N ,120 23 5 E,31.95,120.38333333333334, Seaport , Medium ,,,,,,,,,,,,,,,,,,,,,,,,,,,,,,,,,,,,,,,,,,,,Wuxi Shuofang Airport
244,CN,ZHANGWAN,,,,,, 26 25 12 N ,119 20 60 E,26.41666666666667,119.33333333333331,,,,,,,,,,,,,,,,,,,,,,,,,,,Yes,,,,,,,,,,,,,,,,,,,Fuzhou Changle Airport
245,CN,ZHANGZHOU, Zhangzhou Port Authority ,"Zhangzhou Gangiun Bldg95 Yan'an Bei Road Zhangzhou, Fujian 363000 China", 86 596 203 3980 ,,, 24 30 59 N ,117 37 59 E,24.5,117.61666666666666, Seaport , Small ,,157.0,94060,,,Small,Fair,,Coastal Natural,,Yes,,,,36 - 40 ft,21 - 25 ft,4.0,41 - 45 ft,,Yes,Yes,Yes,,Yes,Yes,,,Yes,Yes,Yes,Yes,Yes,Yes,,Yes,Yes,Yes,,Yes,,,Up to 200 tons,,Xiamen Gaoqi Airport
246,CN,ZHANJIANG, Zhanjiang Port Group ,"Port Administration Office1 You Yi Rd, Xiashan Zhanjiang, Guangdong 524027 China", 86 759 225 5516 , 86 759 228 0814 , zjport@163.net , 21 10 0 N ,110 24 0 E,21.166666666666668,110.4, Seaport , Medium ,Yes,161.0,93778,,Yes, Very Small , Fair , Over 500 feet in length , River Natural ,,Yes,No,Yes,No,31 - 35 ft,26 - 30 ft,3.0,36 - 40 ft,31 - 35 ft,Yes,Yes,Yes,Yes,Yes,Yes,Yes,,,Yes,,Yes,,Yes,Yes,Yes,Yes,Yes,,Yes,Yes, Limited ,Up to 200 tons,,Haikou Meilan Airport
247,CN,ZHAOQING, Zhaoqing Harbour Administration Bureau ,"2 Jiangbin Xi Road Zhaoqing, Guangdong 526020 China",,,, 23 3 59 N ,112 25 59 E,23.05,112.41666666666669, River Port , Small ,,,,,,,,,,,,,,,,,,,,,,,,,,,,,,,,,,,,,,,,,,,,Guangzhou Baiyun Airport
248,CN,ZHAPU, Zhapu Port Authority ,"Huhang Road Zhapu Pinghu, Zhejiang 314201 China", 86 573 552 2035 , 86 573 552 2035 ,, 30 35 26 N ,121 4 41 E,30.58333333333333,121.06666666666666, Seaport , Small ,,157.0,,,,Small,Fair,less than 500 feet,Open Roadstead,,Yes,Yes,No,Yes,26 - 30 ft,36 - 40 ft,2.0,36 - 40 ft,41 - 45 ft,Yes,Yes,Yes,,Yes,,,,,Yes,Yes,Yes,Yes,Yes,Yes,Yes,Yes,Yes,,Yes,,Limited,,Up to 656 ft,Shanghai Hongqiao Airport
249,CN,ZHENGZHOU,,,,,, 34 45 27 N ,113 38 31 E,34.75,113.63333333333334,,,,,,,,,,,,,,,,,,,,,,,,,,,Yes,,,,,,,,,,,,,,,,,,,Zhengzhou Xinzhheng Airport
250,CN,ZHENJIANG, Zhenjiang Port Authority ,"Administration Office19 Changjiang Road Zhenjiang, Jiangsu 212001 China", 86 511 527 4892 , 86 511 257 7837 ,, 32 13 0 N ,119 26 8 E,32.21666666666667,119.43333333333334, River Port , Small ,,157.0,,,Yes, Small , Fair , Up to 500 feet in length , River Natural ,Yes,Yes,Yes,No,,31 - 35 ft,36 - 40 ft,1.0,31 - 35 ft,21 - 25 ft,Yes,Yes,Yes,,Yes,,,,Yes,Yes,Yes,,,Yes,Yes,Yes,Yes,Yes,,Yes,Yes, Moderate ,"201 to 1,000 tons",,Yangzhou Taizhou Airport
251,CN,ZHICHENG,,,,,, 30 19 0 N ,111 30 0 E,30.316666666666666,111.5,,,,,,,,,,,,,,,,,,,,,,,,,,,Yes,,,,,,,,,,,,,,,,,,,Yichang Sanxia Airport
252,CN,ZHONGSHAN,,,,,, 22 29 12 N ,113 20 0 E,22.48333333333333,113.33333333333331,,,,,,,,,,,,,,,,,,,,,,,,,,,Yes,,,,,,,,,,,,,,,,,,,Macao International Airport
253,CN,ZHOUSHAN, Zhoushan Harbour Admin ,"Zhoushan, Zhejiang 316000 China", 86 580 206 7222 , 86 580 206 7224 ,, 30 1 0 N ,122 5 60 E,30.016666666666666,122.08333333333331, Seaport , Small ,Yes,157.0,,,Yes, Very Small , Fair , Over 500 feet in length , Coastal Natural ,,Yes,Yes,Yes,,21 - 25 ft,21 - 25 ft,4.0,16 - 20 ft,26 - 30 ft,Yes,Yes,Yes,,Yes,,,,,,,Yes,Yes,Yes,,Yes,Yes,Yes,,Yes,Yes, Limited ,,657 ft to 984 ft,Zhoushan Putuoshan Airport
254,CN,ZHUHAI, Zhuhai Port Authority ,"Administration Office Nanshui Yongshu Wan Zhuhai, Guangdong 519000 China", 86-0756-7268118 , 86-756-7268789 , zhhiz@zhhiz.cn , 22 15 3 N ,113 35 25 E,22.25,113.58333333333331, Seaport , Small ,,161.0,93721,,Yes,Very Small,Good,less than 500 feet,Coastal Breakwater,,,Yes,,Yes,26 - 30 ft,16 - 20 ft,1.0,11 - 15 ft,21 - 25 ft,,,Yes,,Yes,,,,,Yes,Yes,Yes,Yes,Yes,Yes,Yes,Yes,Yes,,Yes,,Limited,,,Macao International Airport
255,CN,ZHUJI,,,,,, 29 44 52 N ,120 8 58 E,29.73333333333333,120.13333333333334,,,,,,,,,,,,,,,,,,,,,,,,,,,Yes,,,,,,,,,,,,,,,,,,,Yiwu Yiwu Airport
256,CN,ZHUOZHOU,,,,,, 39 52 59 N ,116 19 0 E,39.86666666666667,116.31666666666666,,,,,,,,,,,,,,,,,,,,,,,,,,,Yes,,,,,,,,,,,,,,,,,,,Beijing Capital Airport
257,CN,ZHUZHOU,,,,,, 27 48 47 N ,113 9 11 E,27.8,113.15,,,,,,,,,,,,,,,,,,,,,,,,,,,Yes,,,,,,,,,,,,,,,,,,,Changsha Huanghua Airport
258,CN,FANG-CHENG,,,,,,21 45 N,108 21 E,21.75,108.35,,,,161.0,93650,,Yes,Medium,Good,less than 500 feet,River Natural,Yes,,Yes,Yes,,51 - 55 ft,41 - 45 ft,4.0,36 - 40 ft,31 - 35 ft,Yes,Yes,Yes,,Yes,Yes,Yes,,,,Yes,Yes,,Yes,Yes,,Yes,Yes,,Yes,Yes,Limited,,Up to 656 ft,Nanning Wuxu Airport
259,CN,BEIHAI,,,,,,21 29 N,109 4 E,21.48333333333333,109.06666666666666,,,Yes,161.0,,Yes,Yes,Very Small,Good,less than 500 feet,Open Roadstead,Yes,,Yes,Yes,,36 - 40 ft,36 - 40 ft,3.0,31 - 35 ft,36 - 40 ft,,Yes,,,Yes,,Yes,,,Yes,Yes,Yes,,Yes,,Yes,,,,Yes,,Limited,,,Nanning Wuxu Airport
260,CN,LON SHUI TERMINAL,,,,,,20 50 N,115 41 E,20.83333333333333,115.68333333333334,,,,161.0,93730,,Yes,Large,Poor,less than 500 feet,Open Roadstead,,,Yes,,Yes,76 - over ft,,0.0,,76 - over ft,Yes,Yes,Yes,Yes,Yes,,Yes,Yes,,,,,,,,,,No,,Yes,,None,,,Macao International Airport
261,CN,HUANGPUXINGANG,,,,,,23 3 N,113 30 E,23.05,113.5,,,,161.0,93726,,Yes,Small,Good,over 500 feet,River Natural,Yes,,Yes,Yes,Yes,6 - 10 ft,46 - 51 ft,2.0,21 - 25 ft,,Yes,Yes,Yes,,Yes,,Yes,,,,Yes,,,Yes,Yes,Yes,Yes,Yes,,Yes,Yes,Limited,Up to 200 tons,657 ft to 984 ft,Guangzhou Baiyun Airport
262,CN,SHAN T OU,,,,,,23 22 N,116 41 E,23.36666666666667,116.68333333333334,,,Yes,157.0,,No,Yes,Small,Excellent,less than 500 feet,River Natural,,Yes,Yes,Yes,Yes,26 - 30 ft,16 - 20 ft,2.0,16 - 20 ft,11 - 15 ft,Yes,Yes,Yes,,Yes,Yes,,,,,Yes,Yes,Yes,Yes,Yes,Yes,Yes,,,Yes,Yes,Limited,,,Jieyang Chaoshan Airport
263,CN,CHAOZHOU,,,,,,23 37 N,117 5 E,23.61666666666667,117.08333333333331,,,,157.0,94040,,,Medium,Fair,less than 500 feet,Coastal Natural,,,,No,,,,2.0,41 - 45 ft,,Yes,Yes,,,,,Yes,,,,Yes,,Yes,Yes,,,,,,,Yes,,,,Jieyang Chaoshan Airport
264,CN,ZHEN HAI,,,,,,29 57 N,121 42 E,29.95,121.7,,,,157.0,,,Yes,Very Small,Good,less than 500 feet,River Natural,,Yes,Yes,,No,16 - 20 ft,21 - 25 ft,2.0,11 - 15 ft,46 - 51 ft,Yes,Yes,Yes,,Yes,Yes,Yes,,,,,Yes,,Yes,,Yes,Yes,Yes,,Yes,,Moderate,"201 to 1,000 tons",,Ningbo Lishe Airport
265,CN,TAICANG,,,,,,31 39 N,121 12 E,31.65,121.2,,,,157.0,94220,,,Very Small,Fair,less than 500 feet,Coastal Breakwater,,,,,,31 - 35 ft,36 - 40 ft,2.0,36 - 40 ft,16 - 20 ft,Yes,Yes,Yes,,Yes,,,,,,Yes,Yes,Yes,Yes,,,,Yes,,Yes,,Limited,,,Nantong Xingdong Airport
266,CN,ZHANGJIANGANG,,,,,,31 58 N,120 24 E,31.966666666666665,120.4,,,,157.0,,,,Small,Fair,less than 500 feet,River Natural,,,,,,31 - 35 ft,31 - 35 ft,3.0,26 - 30 ft,21 - 25 ft,Yes,Yes,Yes,,Yes,,Yes,,,,Yes,Yes,,Yes,Yes,Yes,Yes,Yes,,Yes,,Limited,,,Wuxi Shuofang Airport
267,CN,WU HU,,,,,,31 20 N,118 22 E,31.33333333333333,118.36666666666666,,,,157.0,,,Yes,Small,Fair,,River Natural,,,,,,21 - 25 ft,16 - 20 ft,1.0,26 - 30 ft,,Yes,Yes,Yes,,Yes,Yes,Yes,,,,Yes,Yes,Yes,Yes,Yes,,Yes,,,Yes,,None,,,Nanjing Lukou Airport
268,CN,ANKINGCHENG,,,,,,30 31 N,117 2 E,30.516666666666666,117.03333333333332,,,,157.0,,,Yes,Very Small,Fair,less than 500 feet,River Natural,,Yes,,,,11 - 15 ft,6 - 10 ft,16.0,21 - 25 ft,16 - 20 ft,Yes,Yes,Yes,,Yes,Yes,Yes,,,,,Yes,Yes,Yes,Yes,Yes,Yes,Yes,,Yes,Yes,None,Up to 200 tons,,Huangshan Tunxi Airport
269,CN,HANKOW,,,,,,30 35 N,114 17 E,30.58333333333333,114.28333333333332,,,Yes,157.0,,,,Medium,Fair,,River Natural,,,,Yes,,11 - 15 ft,16 - 20 ft,38.0,21 - 25 ft,41 - 45 ft,Yes,Yes,Yes,,Yes,Yes,Yes,,,Yes,Yes,Yes,,Yes,Yes,Yes,Yes,No,Yes,Yes,Yes,Moderate,,,Wuhan Tianhe Airport
270,CN,CHUNG CHING,,,,,,29 34 N,106 38 E,29.566666666666666,106.63333333333334,,,,157.0,522,,,Very Small,Fair,,River Natural,,,Yes,,No,6 - 10 ft,,20.0,,,Yes,,Yes,,Yes,Yes,,,Yes,,,,,Yes,,,Yes,Yes,,Yes,,Limited,,,Chongqing Jiangbei Airport
271,CN,QINGDAO GANG,,,,,,36 2 N,120 16 E,36.03333333333333,120.26666666666668,,,Yes,157.0,94283,,Yes,Large,Excellent,less than 500 feet,Open Roadstead,Yes,Yes,Yes,,Yes,56 - 60 ft,61 - 65 ft,4.0,76 - over ft,31 - 35 ft,Yes,Yes,Yes,,Yes,Yes,Yes,,Yes,Yes,Yes,Yes,Yes,Yes,Yes,Yes,Yes,Yes,Yes,,,Moderate,Up to 200 tons,657 ft to 984 ft,Qingdao Jiaodong Airport
272,CN,PENGLAI,,,,,,37 49 N,120 50 E,37.81666666666667,120.83333333333331,,,,157.0,94420,,,Very Small,Fair,less than 500 feet,Coastal Natural,,,,,,11 - 15 ft,26 - 30 ft,2.0,16 - 20 ft,,,,Yes,,,,,,,,,Yes,Yes,,,Yes,Yes,Yes,,Yes,,,,,Yantai Penglai Airport
273,CN,LONGKOU GANG,,,,,,37 38 N,120 17 E,37.63333333333333,120.28333333333332,,,,157.0,94420,No,Yes,Small,Fair,less than 500 feet,Coastal Natural,Yes,Yes,,,,36 - 40 ft,31 - 35 ft,1.0,46 - 51 ft,,Yes,Yes,Yes,,Yes,,Yes,,,Yes,,Yes,,Yes,,Yes,Yes,Yes,,Yes,,Limited,,Up to 656 ft,Yantai Penglai Airport
274,CN,DAGU TANGGU,,,,,,38 58 N,117 40 E,38.96666666666667,117.66666666666669,,,Yes,157.0,94360,,Yes,Very Small,Fair,less than 500 feet,River Natural,Yes,,,,,11 - 15 ft,16 - 20 ft,2.0,51 - 55 ft,,Yes,,Yes,,Yes,Yes,Yes,,,,Yes,,Yes,,,,Yes,Yes,,Yes,Yes,Major,"over 1,000 tons",657 ft to 984 ft,Tianjin Binhai Airport
275,CN,TIANJIN XIN GANG,,,,,,38 58 N,117 50 E,38.96666666666667,117.83333333333331,,,Yes,157.0,,No,Yes,Large,Excellent,over 500 feet,River Natural,No,Yes,Yes,,,46 - 51 ft,71 - 75 ft,3.0,51 - 55 ft,41 - 45 ft,Yes,,Yes,,Yes,Yes,Yes,,,,Yes,Yes,Yes,Yes,,Yes,Yes,Yes,,Yes,Yes,Limited,"over 1,000 tons",985 ft and over,Tianjin Binhai Airport
276,CN,TANGSHAN (JINGTANG),,,,,,39 12 N,119 1 E,39.2,119.01666666666668,,,,157.0,94360,,,Very Small,Fair,less than 500 feet,Coastal Breakwater,,,,Yes,,36 - 40 ft,31 - 35 ft,2.0,,,Yes,Yes,Yes,,Yes,Yes,Yes,,Yes,,Yes,Yes,Yes,,Yes,Yes,Yes,Yes,,Yes,,,Up to 200 tons,,Qinhuangdao Beidaihe Airport
277,CN,SUIZHANG GANG,,,,,,40 4 N,121 3 E,40.06666666666667,121.05,,,,157.0,94420,,,Very Small,None,over 500 feet,Open Roadstead,,,No,No,No,36 - 40 ft,41 - 45 ft,0.0,,,,,,,,,Yes,,,,,,,,,,,,,,,,,,Dalian Zhoushuizi Airport
278,CN,HULUDAO GANG,,,,,,40 42 N,120 59 E,40.7,120.98333333333332,,,,157.0,94380,,Yes,Very Small,Good,,Coastal Breakwater,,,,,Yes,26 - 30 ft,26 - 30 ft,0.0,16 - 20 ft,26 - 30 ft,Yes,Yes,,,,Yes,Yes,,,,,Yes,,,Yes,,Yes,Yes,,Yes,,Moderate,Up to 200 tons,985 ft and over,Dalian Zhoushuizi Airport
279,CN,JINZHOU WAN,,,,,,40 45 N,121 6 E,40.75,121.1,,,,157.0,94380,,,Very Small,Fair,less than 500 feet,Open Roadstead,,Yes,Yes,,,41 - 45 ft,46 - 51 ft,2.0,31 - 35 ft,36 - 40 ft,Yes,Yes,Yes,,Yes,,Yes,,,,Yes,Yes,Yes,Yes,,Yes,Yes,,,Yes,Yes,Limited,"201 to 1,000 tons",,Dalian Zhoushuizi Airport
280,CN,LUSHUN,,,,,,38 47 N,121 15 E,38.78333333333333,121.25,,,Yes,157.0,94421,No,,Very Small,Fair,,Coastal Breakwater,Yes,,Yes,,,26 - 30 ft,,5.0,31 - 35 ft,,Yes,Yes,Yes,,Yes,Yes,Yes,,,,,,Yes,Yes,Yes,,Yes,Yes,,Yes,,Limited,"201 to 1,000 tons",,Dalian Zhoushuizi Airport
