,country,portName,portAuthority,address,phone,fax,email,latitude,longitude,ddLatitude,ddLongitude,portType,portSize,firstPortofEntry,publication,chart,usaRep,medicalFacilities,harborSize,shelter,maxVesselSize,harborType,turningArea,holdingGround,tide,overheadLimit,swell,channel,cargoPier,meanTide,anchorage,oilTerminal,compulsory,available,tugAssistance,tugSalvage,pratique,rail,wharves,medMoor,hundredTonLifts,fiftyTonLifts,twentyTonLifts,zeroTonLifts,fixedCranes,mobileCranes,floatingCranes,longshore,provisions,fuelOil,deck,water,dieselOil,shipRepairs,marineRailroadSize,drydockSize
0,GB,ABERDEEN,,,,,, 57 6 32 N ,-2 4 0 W,57.1,-2.066666666666667,,,Yes,141.0,35013,No,Yes,Medium,Good,over 500 feet,RIVER BASIN,,Yes,Yes,Yes,No,16 - 20 ft,31 - 35 ft,4,31 - 35 ft,21 - 25 ft,Yes,Yes,Yes,,Yes,Yes,Yes,,Yes,Yes,Yes,Yes,Yes,Yes,,Yes,Yes,Yes,Yes,Yes,Yes,Limited,,Up to 656 ft
1,GB,ABERDOVEY,,,,,, 52 32 60 N ,-4 2 60 W,52.53333333333333,-4.05,,,,,,,,,,,,,,,,,,,,,,,,,,,Yes,,,,,,,,,,,,,,,,,,
2,GB,ABOYNE,,,,,, 57 2 60 N ,-2 30 0 W,57.03333333333333,-2.5,,,,,,,,,,,,,,,,,,,,,,,,,,,Yes,,,,,,,,,,,,,,,,,,
3,GB,ALEXANDRIA,,,,,, 55 35 24 N ,-4 21 36 W,55.583333333333336,-4.359999999999999,,,,,,,,,,,,,,,,,,,,,,,,,,,Yes,,,,,,,,,,,,,,,,,,
4,GB,ANNALONG,,,,,, 54 3 36 N ,-5 32 23 W,54.05,-5.539722222222222,,,,,,,,,,,,,,,,,,,,,,,,,,,Yes,,,,,,,,,,,,,,,,,,
5,GB,ANNAN,,,,,, 54 35 24 N ,-3 9 36 W,54.583333333333336,-3.1599999999999997,,,,,,,,,,,,,,,,,,,,,,,,,,,Yes,,,,,,,,,,,,,,,,,,
6,GB,ANSTRUTHER,,,,,, 56 7 48 N ,-2 25 11 W,56.11666666666667,-2.419722222222222,,,,,,,,,,,,,,,,,,,,,,,,,,,Yes,,,,,,,,,,,,,,,,,,
7,GB,APPLEDORE, Appledore Port Authority ,"Port Office Appledore, Devon United Kingdom",,,, 51 1 48 N ,-4 7 12 W,51.016666666666666,-4.119999999999999, Harbor , Small ,,,,,,,,,,,,,,,,,,,,,,,,,,,,,,,,,,,,,,,,,,,
8,GB,ARBROATH, Arbroath Port Authority ,Harbour Office Angus Council Arbroath D D11 1 P D United Kingdom, 44 1241 872166 , 44 1241 878472 , harbourmaster@arbroathharbour.sol.co.uk , 56 33 13 N ,-2 35 14 W,56.55,-2.5872222222222225, Harbor , Small ,Yes,,,No,Yes, Small , Good , Up to 500 feet in length , Coastal Breakwater ,,Yes,Yes,Yes,Yes, 0 - 5 feet 0 - 1.5 meters ,11 - 15 ft,4,26 - 30 ft,,No,,Yes,No,,Yes,,,,,Yes,,,,,,Yes,Yes,,Yes,, Limited ,"201 to 1,000 tons",
9,GB,ARDGLASS,,,,,, 54 9 35 N ,-5 22 11 W,54.15,-5.369722222222221,,,No,142.0,36006,No,,Very Small,Poor,less than 500 feet,Coastal Natural,No,Yes,Yes,No,No,16 - 20 ft,6 - 10 ft,4,36 - 40 ft,,No,Yes,No,No,,Yes,,,,,,,,,,,Yes,,Yes,Yes,,Emergency only,,
10,GB,ARDRISHAIG,,,,,, 56 0 33 N ,-5 25 0 W,56.0,-5.416666666666667,,,Yes,141.0,36017,No,Yes,Very Small,Fair,less than 500 feet,Coastal Natural,Yes,Yes,No,Yes,No,21 - 25 ft,6 - 10 ft,2,21 - 25 ft,,No,No,No,No,,Yes,Yes,,,,,,,,,Yes,Yes,Yes,Yes,Yes,Yes,Moderate,,
11,GB,AVONMOUTH,,,,,, 51 30 0 N ,-2 43 0 W,51.5,-2.716666666666667,,,Yes,142.0,,,Yes,Small,Excellent,less than 500 feet,River Tide Gate,Yes,Yes,Yes,Yes,No,21 - 25 ft,26 - 30 ft,9,31 - 35 ft,31 - 35 ft,Yes,Yes,Yes,,,Yes,Yes,,,,,Yes,,Yes,,Yes,Yes,Yes,Yes,Yes,Yes,Major,Up to 200 tons,985 ft and over
12,GB,AYR, Associated British Ports ,"A B P Ayr Port Office North Harbour Street Ayr, Scotland K A8 8 A H United Kingdom", 01292 281 687 , 01292 287 787 , scresswell@abports.co.uk , 55 27 57 N ,-4 38 3 W,55.45,-4.634166666666666, Seaport , Small ,Yes,141.0,36016,No,Yes, Very Small , Good , Up to 500 feet in length , River Basin ,,,No,Yes,No,16 - 20 ft,16 - 20 ft,2,21 - 25 ft,16 - 20 ft,Yes,,Yes,,,Yes,Yes,,Yes,,Yes,Yes,Yes,Yes,,Yes,Yes,Yes,Yes,Yes,Yes, Moderate ,"over 1,000 tons",
13,GB,BANFF, Aberdeenshire Council ,"Harbour Offices Quayside Banff, Banffshire United Kingdom", 01261 815544 , 01261 815544 ,, 57 40 0 N ,-2 31 0 W,57.666666666666664,-2.5166666666666666, Harbor , Small ,No,,,No,, Very Small , Poor ,, Coastal Breakwater ,,,Yes,,Yes,11 - 15 ft, 6 - 10 feet 1.8 - 3 meters ,8,36 - 40 ft,,,Yes,,,,Yes,,,,,,,,,,,Yes,,,Yes,, Limited ,Up to 200 tons,
14,GB,BARMOUTH,,,,,, 52 43 0 N ,-4 2 60 W,52.71666666666667,-4.05,,,,,,,,,,,,,,,,,,,,,,,,,,,Yes,,,,,,,,,,,,,,,,,,
15,GB,BARNES,,,,,, 51 16 12 N ,-1 8 23 W,51.266666666666666,-1.1397222222222223,,,,,,,,,,,,,,,,,,,,,,,,,,,Yes,,,,,,,,,,,,,,,,,,
16,GB,BATHGATE,,,,,, 55 32 24 N ,-3 22 47 W,55.53333333333333,-3.379722222222222,,,,,,,,,,,,,,,,,,,,,,,,,,,Yes,,,,,,,,,,,,,,,,,,
17,GB,BEDLINGTON,,,,,, 55 4 11 N ,-1 21 0 W,55.06666666666667,-1.35,,,,,,,,,,,,,,,,,,,,,,,,,,,Yes,,,,,,,,,,,,,,,,,,
18,GB,BELFAST, Belfast Harbour Commissioners ,"Harbour Office Corporation Square Belfast, Northern Ireland B T1 3 A L United Kingdom", 44 28 9055 4422 , 44 28 9055 4411 , info@belfast-harbour.co.uk , 54 36 53 N ,-5 54 32 W,54.6,-5.908888888888889, Seaport , Medium ,Yes,142.0,36011,Yes,Yes, Large , Excellent , Over 500 feet in length , River Basin ,Yes,Yes,No,,No,21 - 25 ft,31 - 35 ft,2,31 - 35 ft,31 - 35 ft,Yes,Yes,Yes,Yes,Yes,Yes,Yes,No,,,Yes,Yes,Yes,Yes,Yes,Yes,Yes,Yes,Yes,Yes,Yes, Major ,Up to 200 tons,985 ft and over
19,GB,BERWICK-UPON-TWEED,,,,,, 55 46 0 N ,-2 0 0 W,55.766666666666666,-2.0,,,Yes,192.0,35010,No,Yes,Very Small,Good,less than 500 feet,River Tide Gate,,Yes,Yes,Yes,No,6 - 10 ft,16 - 20 ft,4,41 - 45 ft,,Yes,Yes,,,,Yes,,,,,,Yes,,Yes,,Yes,,Yes,Yes,Yes,Yes,Moderate,Up to 200 tons,
20,GB,BIDEFORD, Torridge District Council ,Harbour Office Bideford E X39 2 A G United Kingdom, 44 79673 33725 , 44 123 747 5834 ,, 51 0 7 N ,-4 11 54 W,51.0,-4.198333333333333, Harbor , Small ,Yes,142.0,,No,Yes, Small , Good , Up to 500 feet in length , River Natural ,,,Yes,Yes,Yes,21 - 25 ft,16 - 20 ft,5,21 - 25 ft,11 - 15 ft,Yes,Yes,Yes,No,,,Yes,,,Yes,Yes,Yes,,Yes,,Yes,Yes,Yes,Yes,Yes,Yes, Major ,,Up to 656 ft
21,GB,BIRD PORT,,,,,, 51 33 56 N ,-2 58 44 W,51.55,-2.978888888888889,,,,192.0,36042,,Yes,Very Small,Poor,less than 500 feet,River Natural,,,Yes,Yes,,6 - 10 ft,31 - 35 ft,6,16 - 20 ft,,,,,,,Yes,Yes,,,,,Yes,,Yes,,,Yes,Yes,,Yes,Yes,Limited,Up to 200 tons,
22,GB,BIRMINGHAM,,,,,, 52 16 48 N ,-1 33 0 W,52.266666666666666,-1.55,,,,,,,,,,,,,,,,,,,,,,,,,,,Yes,,,,,,,,,,,,,,,,,,
23,GB,BIRTLEY,,,,,, 52 10 48 N ,-2 32 60 W,52.166666666666664,-2.55,,,,,,,,,,,,,,,,,,,,,,,,,,,Yes,,,,,,,,,,,,,,,,,,
24,GB,BLYTH, Blyth Port Authority ,"South Harbour Blyth, Northumberland N E24 3 P B United Kingdom", 44 1670 352066 , 44 1670 368540 , enquiries@blythport.co.uk , 55 6 57 N ,-1 29 38 W,55.1,-1.493888888888889, Seaport , Small ,Yes,192.0,,No,Yes, Medium , Good , Over 500 feet in length , River Natural ,,,Yes,,No,26 - 30 ft,16 - 20 ft,3, 56 - 60 feet 17.1 - 18.2 meters ,,No,Yes,Yes,,,Yes,Yes,,,Yes,Yes,Yes,Yes,Yes,,Yes,Yes,Yes,Yes,Yes,Yes, Moderate ,,Up to 656 ft
25,GB,BOLTON,,,,,, 53 21 0 N ,-2 15 35 W,53.35,-2.2597222222222224,,,,,,,,,,,,,,,,,,,,,,,,,,,Yes,,,,,,,,,,,,,,,,,,
26,GB,BOSTON, Victoria Group ,Boston Lincolnshire P E21 6 B N United Kingdom, 44 0 1205 365571 , 44 0 1205 310126 , administrator@portofboston.co.uk , 52 58 0 N ,-0 1 0 W,52.96666666666667,-0.016666666666666666, River Port , Small ,Yes,192.0,,No,Yes, Small , Excellent ,, River Tide Gate ,,Yes,Yes,Yes,No,16 - 20 ft,16 - 20 ft,14,16 - 20 ft,21 - 25 ft,Yes,Yes,Yes,,,Yes,Yes,,,Yes,Yes,Yes,Yes,Yes,,Yes,Yes,Yes,,Yes,Yes, Limited ,Up to 200 tons,
27,GB,BRAEFOOT BAY,,,,,, 56 2 44 N ,-3 18 29 W,56.03333333333333,-3.3080555555555553,,,,,,,,,,,,,,,,,,,,,,,,,,,Yes,,,,,,,,,,,,,,,,,,
28,GB,BRANDON,,,,,, 54 27 0 N ,-1 22 12 W,54.45,-1.37,,,,,,,,,,,,,,,,,,,,,,,,,,,Yes,,,,,,,,,,,,,,,,,,
29,GB,BRIDGWATER, Sedgemoor District Council ,Bridgwater House King Square Bridgwater T A6 3 A R United Kingdom, 44 845 408 2540 ,,, 51 10 0 N ,-3 0 0 W,51.166666666666664,-3.0, River Port , Small ,Yes,142.0,36039,No,Yes,Very Small,Good,less than 500 feet,River Natural,,Yes,Yes,Yes,No,6 - 10 ft,31 - 35 ft,9,21 - 25 ft,,Yes,Yes,No,No,,Yes,Yes,,,,,Yes,,Yes,,,,Yes,,Yes,Yes,Moderate,,Up to 656 ft
30,GB,BRIDLINGTON, Bridlington Harbour Commission ,"Gummers Wharf West End Bridlington, East Yorkshire Y O15 3 A N United Kingdom", 44 1262 670148 , 44 1262 602041 ,, 54 4 23 N ,-0 11 49 W,54.06666666666667,-0.19694444444444442, Harbor , Small ,Yes,192.0,37059,No,Yes, Very Small , Good , Up to 500 feet in length , Coastal Breakwater ,,Yes,Yes,,No, 6 - 10 feet 1.8 - 3 meters ,11 - 15 ft,5,31 - 35 ft,,No,No,No,No,Yes,Yes,Yes,,,,,Yes,Yes,Yes,,,Yes,Yes,Yes,Yes,Yes, Limited ,Up to 200 tons,
31,GB,BRIERLEY HILL,,,,,, 52 17 24 N ,-2 4 11 W,52.28333333333333,-2.0697222222222225,,,,,,,,,,,,,,,,,,,,,,,,,,,Yes,,,,,,,,,,,,,,,,,,
32,GB,BRIGHTLINGSEA, Brightlingsea Harbour Commissioners ,"4 Copperas Road Brightlingsea, Essex C O7 0 A P United Kingdom", 44 1206 302200 , 44 1206 308533 ,, 51 48 22 N ,1 0 59 E,51.8,1.0, Harbor , Small ,,,,,,,,,,,,,,,,,,,,,,,,,,,,,,,,,,,,,,,,,,,
33,GB,BRISTOL, The Bristol Port Company ,St Andrews House St Andrews Road Avonmouth B S11 9 D Q United Kingdom, 44 0 117 982 0000 , 44 0 117 982 0698 , enquiries@bristolport.co.uk , 51 27 15 N ,-2 35 22 W,51.45,-2.5894444444444447, Seaport , Small ,Yes,142.0,,,Yes, Small , Excellent , Over 500 feet in length , River Tide Gate ,Yes,Yes,Yes,Yes,No,31 - 35 ft,31 - 35 ft,9,31 - 35 ft,31 - 35 ft,Yes,Yes,Yes,,Yes,Yes,Yes,,Yes,Yes,Yes,Yes,Yes,Yes,Yes,Yes,Yes,Yes,Yes,Yes,Yes, Major ,Up to 200 tons,985 ft and over
34,GB,BRYN,,,,,, 51 21 35 N ,-3 25 11 W,51.35,-3.419722222222222,,,,,,,,,,,,,,,,,,,,,,,,,,,Yes,,,,,,,,,,,,,,,,,,
35,GB,BUCKIE, The Moray Council ,"Harbour Office286 Commercial Road Buckie, Grampian I V30 5 U A United Kingdom", 44 1542 831700 , 44 1542 834742 ,, 57 40 59 N ,-2 57 0 W,57.666666666666664,-2.95, Harbor , Small ,No,,,No,Yes, Very Small , Good , Up to 500 feet in length , Coastal Natural ,No,Yes,Yes,,No, 6 - 10 feet 1.8 - 3 meters ,16 - 20 ft,8,26 - 30 ft,,No,Yes,,,,Yes,,,,,,Yes,Yes,,,,Yes,Yes,,Yes,, Moderate ,"201 to 1,000 tons",
36,GB,BUDE,,,,,, 50 49 59 N ,-4 32 60 W,50.81666666666667,-4.55,,,,,,,,,,,,,,,,,,,,,,,,,,,Yes,,,,,,,,,,,,,,,,,,
37,GB,BURGHEAD, The Moray Council ,"Harbour Office Burghead, Grampian I V30 5 U A United Kingdom", IV30 5UA , 44 1343 835337 ,, 57 42 0 N ,-3 28 59 W,57.7,-3.4830555555555556, Harbor , Small ,No,141.0,35052,No,Yes, Very Small , Good , Up to 500 feet in length , Coastal Natural ,,,,,Yes,11 - 15 ft,11 - 15 ft,3,36 - 40 ft,,Yes,Yes,No,No,,Yes,,,,Yes,Yes,Yes,,Yes,,,Yes,Yes,,Yes,, Limited ,Up to 200 tons,
38,GB,BURNTISLAND, Forth Ports PLC ,"Carron House Central Dock Road Grangemouth, Stirlingshire F K3 8 T Y United Kingdom", 44 1324 668400 ,, alan.burns@forthports.co.uk , 56 3 35 N ,-3 14 9 W,56.05,-3.2358333333333333, Seaport , Medium ,Yes,192.0,35037,No,Yes, Small , Good , Up to 500 feet in length , Coastal Tide Gate ,,,Yes,Yes,No, 0 - 5 feet 0 - 1.5 meters ,21 - 25 ft,4,51 - 55 ft,,Yes,Yes,Yes,Yes,,Yes,Yes,,,,,Yes,Yes,Yes,,,Yes,Yes,,Yes,Yes, Moderate ,Up to 200 tons,
39,GB,CAERNARFON, Caernarfon Harbour Trust ,"Harbour Office Slate Quay Caernarfon, Gwynedd L L55 2 P B United Kingdom", 01286 672118 , 01286 678729 , enquiries@caernarfonharbour.co.uk , 53 8 60 N ,-4 16 0 W,53.13333333333333,-4.266666666666667, Harbor , Small ,No,,,Yes,Yes, Small , Good ,, River Basin ,,,Yes,Yes,No, 0 - 5 feet 0 - 1.5 meters ,11 - 15 ft,5,16 - 20 ft,11 - 15 ft,Yes,Yes,,No,,Yes,,,,,,Yes,Yes,,,,Yes,Yes,,Yes,Yes, Limited ,"201 to 1,000 tons",
40,GB,CAERPHILLY,,,,,, 51 21 0 N ,-3 7 47 W,51.35,-3.129722222222222,,,,,,,,,,,,,,,,,,,,,,,,,,,Yes,,,,,,,,,,,,,,,,,,
41,GB,CAIRNRYAN,,,,,, 54 58 11 N ,-5 0 40 W,54.96666666666667,-5.011111111111111,,,,,,,,,,,,,,,,,,,,,,,,,,,Yes,,,,,,,,,,,,,,,,,,
42,GB,CALEDONIAN CANAL,,,,,, 57 10 0 N ,-4 40 0 W,57.166666666666664,-4.666666666666667,,,,,,,,,,,,,,,,,,,,,,,,,,,Yes,,,,,,,,,,,,,,,,,,
43,GB,CAMBUS,,,,,, 56 4 11 N ,-3 30 0 W,56.06666666666667,-3.5,,,,,,,,,,,,,,,,,,,,,,,,,,,Yes,,,,,,,,,,,,,,,,,,
44,GB,CARDIFF, Associated British Ports ,"Queen Alexandra House Cargo Road Cardiff, South Wales C F10 4 L Y United Kingdom", 0870 609 6699 , 029 2083 5001 , ccouper@abports.co.uk , 51 28 45 N ,-3 11 5 W,51.46666666666667,-3.1847222222222222, Seaport , Medium ,Yes,142.0,,Yes,Yes, Large , Excellent , Over 500 feet in length , Coastal Tide Gate ,Yes,Yes,Yes,Yes,Yes, 0 - 5 feet 0 - 1.5 meters ,31 - 35 ft,13,31 - 35 ft,26 - 30 ft,No,Yes,Yes,,Yes,Yes,Yes,,,,Yes,Yes,Yes,Yes,Yes,Yes,Yes,Yes,Yes,Yes,Yes, Major ,Up to 200 tons,Up to 656 ft
45,GB,CARNLOUGH,,,,,, 54 59 38 N ,-5 59 25 W,54.983333333333334,-5.990277777777778,,,,,,,,,,,,,,,,,,,,,,,,,,,Yes,,,,,,,,,,,,,,,,,,
46,GB,CASTLE BAY, Comhairle Nan Eilean Siar ,"Balivanich, Isle of Benbecula H S7 5 L A United Kingdom", 44 1870 602425 , 44 1870 602988 , harbourmaster@cne-siar.gov.uk , 56 57 0 N ,-7 30 0 W,56.95,-7.5, Harbor , Small ,No,141.0,35093,No,, Very Small , Good ,, Coastal Natural ,,Yes,No,,No,21 - 25 ft,11 - 15 ft,2,26 - 30 ft,,No,No,,,,,,,,,,,,No,,,Yes,Yes,,Yes,, Emergency Only ,,
47,GB,CHARLESTON,,,,,, 50 19 59 N ,-4 45 0 W,50.31666666666667,-4.75,,,,,,,,,,,,,,,,,,,,,,,,,,,Yes,,,,,,,,,,,,,,,,,,
48,GB,CHARLESTOWN,,,,,, 50 19 59 N ,-4 45 0 W,50.31666666666667,-4.75,,,Yes,191.0,37003,,Yes,Very Small,Good,less than 500 feet,Coastal Tide Gate,,Yes,Yes,,No,,16 - 20 ft,4,31 - 35 ft,,Yes,Yes,No,No,,Yes,,,,,Yes,Yes,,Yes,,,Yes,Yes,,Yes,Yes,Limited,,
49,GB,COATBRIDGE,,,,,, 55 31 12 N ,-4 1 11 W,55.516666666666666,-4.019722222222222,,,,,,,,,,,,,,,,,,,,,,,,,,,Yes,,,,,,,,,,,,,,,,,,
50,GB,COLCHESTER, Colchester Borough Council ,"Harbour Office Walter Radcliffe Way Wivenhoe, Colchester, Essex C O7 9 J R United Kingdom", 44 1206 827316 , 44 1206 827023 ,, 51 53 45 N ,0 53 32 E,51.88333333333333,0.8833333333333333, River Port , Small ,Yes,192.0,37010,No,Yes, Very Small , Good , Up to 500 feet in length , River Natural ,,,No,,No,11 - 15 ft,,3,16 - 20 ft,,Yes,Yes,Yes,No,,Yes,,,,Yes,Yes,Yes,Yes,,,,Yes,Yes,Yes,Yes,Yes, Limited ,Up to 200 tons,
51,GB,COLERAINE, Coleraine Harbour Commissioners ,"4 Riversdale Road Coleraine, Londonderry B T52 1 X A United Kingdom", 44 28 7034 2012 , 44 28 7035 2000 ,, 55 10 0 N ,-6 46 0 W,55.166666666666664,-6.766666666666667, River Port , Small ,,142.0,,,Yes, Very Small , Excellent , Up to 500 feet in length , River Natural ,,,No,Yes,No,11 - 15 ft,11 - 15 ft,2,11 - 15 ft,,Yes,Yes,,,,Yes,Yes,,,,Yes,Yes,Yes,Yes,,,Yes,Yes,,Yes,Yes, Limited ,,
52,GB,CONWY,,,,,, 53 16 59 N ,-3 49 59 W,53.266666666666666,-3.833055555555555,,,,,,,,,,,,,,,,,,,,,,,,,,,Yes,,,,,,,,,,,,,,,,,,
53,GB,CORPACH,,,,,, 56 49 0 N ,-5 7 0 W,56.81666666666667,-5.116666666666666,,,,141.0,,No,Yes,Small,Fair,,Coastal Natural,,,Yes,Yes,No,16 - 20 ft,36 - 40 ft,4,56 - 60 ft,,No,Yes,,,,Yes,Yes,Yes,,,,,,,,Yes,,Yes,,Yes,Yes,Limited,"over 1,000 tons",
54,GB,COVENTRY,,,,,, 52 15 0 N ,-1 19 48 W,52.25,-1.33,,,,,,,,,,,,,,,,,,,,,,,,,,,Yes,,,,,,,,,,,,,,,,,,
55,GB,COWES, Cowes Harbour Commission ,"Harbour Office Town Quay Cowes, Isle of Wight PO31 7 A S United Kingdom", 01983 293952 , 01983 299357 , chc@cowes.co.uk , 50 45 0 N ,-1 18 0 W,50.75,-1.3, Seaport , Medium ,No,,,No,Yes, Small , Good , Up to 500 feet in length , River Natural ,Yes,Yes,Yes,Yes,Yes, 6 - 10 feet 1.8 - 3 meters , 6 - 10 feet 1.8 - 3 meters ,3,31 - 35 ft, 6 - 10 feet 1.8 - 3 meters ,Yes,Yes,Yes,No,Yes,Yes,,,,Yes,Yes,Yes,,Yes,,,Yes,Yes,,Yes,Yes, Limited ,"201 to 1,000 tons",
56,GB,CREEKSEA,,,,,, 51 37 0 N ,0 48 0 E,51.61666666666667,0.8,,,,,,,,,,,,,,,,,,,,,,,,,,,Yes,,,,,,,,,,,,,,,,,,
57,GB,CRINAN CANAL,,,,,, 56 4 49 N ,-5 32 2 W,56.06666666666667,-5.533888888888889,,,,,,,,,,,,,,,,,,,,,,,,,,,Yes,,,,,,,,,,,,,,,,,,
58,GB,CROYDON,,,,,, 51 13 47 N ,-0 3 35 W,51.21666666666667,-0.059722222222222225,,,,,,,,,,,,,,,,,,,,,,,,,,,Yes,,,,,,,,,,,,,,,,,,
59,GB,DAGENHAM,,,,,, 51 27 0 N ,-0 22 0 W,51.45,-0.36666666666666664,,,,,,,,,,,,,,,,,,,,,,,,,,,Yes,,,,,,,,,,,,,,,,,,
60,GB,DARTFORD,,,,,, 51 27 0 N ,0 16 0 E,51.45,0.26666666666666666,,,,,,,,,,,,,,,,,,,,,,,,,,,Yes,,,,,,,,,,,,,,,,,,
61,GB,DEVONPORT,,,,,, 50 13 11 N ,-4 6 36 W,50.21666666666667,-4.109999999999999,,,,,,,,,,,,,,,,,,,,,,,,,,,Yes,,,,,,,,,,,,,,,,,,
62,GB,DEWSBURY,,,,,, 53 25 12 N ,-1 22 12 W,53.416666666666664,-1.37,,,,,,,,,,,,,,,,,,,,,,,,,,,Yes,,,,,,,,,,,,,,,,,,
63,GB,DINGLE,,,,,, 53 22 0 N ,-2 28 0 W,53.36666666666667,-2.466666666666667,,,,,,,,,,,,,,,,,,,,,,,,,,,Yes,,,,,,,,,,,,,,,,,,
64,GB,DOVER STRAIT,,,,,, 51 7 59 N ,1 19 59 E,51.11666666666667,1.3166666666666667,,,,,,,,,,,,,,,,,,,,,,,,,,,Yes,,,,,,,,,,,,,,,,,,
65,GB,DUMBARTON,,,,,, 55 34 11 N ,-4 20 23 W,55.56666666666667,-4.339722222222222,,,,,,,,,,,,,,,,,,,,,,,,,,,Yes,,,,,,,,,,,,,,,,,,
66,GB,DUNBAR,,,,,, 56 0 0 N ,-2 18 35 W,56.0,-2.3097222222222222,,,Yes,192.0,35035,No,Yes,Very Small,Fair,less than 500 feet,Coastal Breakwater,,,Yes,,Yes,11 - 15 ft,16 - 20 ft,3,41 - 45 ft,26 - 30 ft,No,No,No,No,,Yes,,,,,,,No,No,No,,,Yes,,Yes,Yes,Limited,,
67,GB,DUNDEE, Forth Ports PLC ,Harbour Chambers Dock Street Dundee D D1 3 H W United Kingdom, 44 1382 224121 , 44 1382 200834 , matt.north@forthports.co.uk , 56 27 46 N ,-2 56 59 W,56.45,-2.9497222222222224, Seaport , Medium ,Yes,141.0,,No,Yes, Large , Excellent , Over 500 feet in length , River Tide Gate ,,,Yes,Yes,No,21 - 25 ft,26 - 30 ft,4,26 - 30 ft,26 - 30 ft,Yes,Yes,Yes,Yes,Yes,Yes,Yes,,Yes,,Yes,Yes,Yes,Yes,,Yes,Yes,Yes,Yes,Yes,Yes, Major ,,Up to 656 ft
68,GB,DUNOON,,,,,, 55 57 9 N ,-4 55 37 W,55.95,-4.926944444444445,,,,,,,,,,,,,,,,,,,,,,,,,,,Yes,,,,,,,,,,,,,,,,,,
69,GB,EXETER,,,,,, 50 25 12 N ,-3 19 11 W,50.416666666666664,-3.319722222222222,,,,,,,,,,,,,,,,,,,,,,,,,,,Yes,,,,,,,,,,,,,,,,,,
70,GB,EXMOUTH, Port Authority of Exmouth ,Exmouth Dock Co Exmouth United Kingdom,,,, 50 21 0 N ,-3 14 24 W,50.35,-3.24, Harbor , Small ,,,,,,,,,,,,,,,,,,,,,,,,,,,,,,,,,,,,,,,,,,,
71,GB,FALMOUTH, Falmouth Harbour Commissioners ,"44 Arwenack Street Falmouth, Cornwall T R11 3 J Q United Kingdom", 44 1326 312285 , 44 1326 211352 , info@falmouthport.co.uk , 50 9 1 N ,-5 3 20 W,50.15,-5.055555555555555, Seaport , Medium ,Yes,,,No,Yes, Medium , Good , Over 500 feet in length , Coastal Natural ,Yes,Yes,Yes,,No,16 - 20 ft,16 - 20 ft,5,41 - 45 ft,26 - 30 ft,Yes,Yes,Yes,Yes,Yes,Yes,Yes,,,,Yes,Yes,,Yes,Yes,,Yes,Yes,Yes,Yes,Yes, Moderate ,,657 ft to 984 ft
72,GB,FAWLEY,,,,,, 50 50 16 N ,-1 21 19 W,50.833333333333336,-1.3552777777777778,,,,,,,,,,,,,,,,,,,,,,,,,,,Yes,,,,,,,,,,,,,,,,,,
73,GB,FELIXSTOWE, Hutchison Ports (UK) Limited ,"Tomline House The Dock Felixstowe, Suffolk I P11 3 S Y United Kingdom", 44-1394-604500 , 44-1394-604949 , enquiries@fdrc.co.uk , 51 57 28 N ,1 20 40 E,51.95,1.3333333333333333, Seaport , Large ,Yes,192.0,,No,Yes, Small , Good , Over 500 feet in length , River Natural ,,,Yes,,No,46 - 50 ft,21 - 25 ft,2,36 - 40 ft,21 - 25 ft,Yes,Yes,Yes,,Yes,Yes,Yes,,,,Yes,Yes,Yes,Yes,,Yes,Yes,Yes,Yes,Yes,Yes, Limited ,Up to 200 tons,
74,GB,FISHGUARD, Stena Line Ports Ltd ,"Fishguard Harbour Goodwick, Pembrokeshire S A64 0 B U United Kingdom", 44 1348 404406 , 44 1348 404446 ,, 52 0 1 N ,-4 57 56 W,52.0,-4.9655555555555555, Harbor , Small ,Yes,142.0,,No,Yes, Small , Good , Over 500 feet in length , Coastal Breakwater ,,,Yes,Yes,No,41 - 45 ft,16 - 20 ft,4,46 - 50 ft,,Yes,Yes,Yes,No,,Yes,Yes,,,,Yes,Yes,Yes,,,No,Yes,Yes,,Yes,Yes, Limited ,Up to 200 tons,
75,GB,FLEETWOOD, Associated British Ports ,"A B P Fleetwood Dock Office Lancs, Lancashire F Y7 6 P P United Kingdom", 01253 872 323 , 01253 777 549 , nridehalgh@abports.co.uk , 53 53 20 N ,-3 0 7 W,53.88333333333333,-3.0019444444444443, Seaport , Small ,Yes,142.0,36025,Yes,Yes, Small , Excellent , Up to 500 feet in length , River Tide Gate ,,Yes,Yes,Yes,No,11 - 15 ft,11 - 15 ft,8,36 - 40 ft,,Yes,Yes,Yes,,,Yes,Yes,,,,Yes,Yes,Yes,Yes,,Yes,Yes,Yes,Yes,Yes,Yes, Moderate ,Up to 200 tons,
76,GB,FOLKESTONE, Folkestone Harbour Co Ltd ,"Folkestone Harbour Folkestone, Kent C T20 1 Q H United Kingdom", 44 1303 254597 , 44 1303 254692 , harbourmaster@folkestoneharbour.com , 51 4 59 N ,1 10 0 E,51.06666666666667,1.1666666666666667, Harbor , Small ,Yes,,,No,Yes, Small , Good , Up to 500 feet in length , Coastal Breakwater ,No,No,Yes,,No,16 - 20 ft,16 - 20 ft,6,36 - 40 ft,,Yes,Yes,,,,Yes,Yes,,,,,Yes,,Yes,,,Yes,Yes,,Yes,Yes, Limited ,,
77,GB,FORTH PORTS,,,,,, 56 4 50 N ,-3 9 43 W,56.06666666666667,-3.1619444444444444,,,,,,,,,,,,,,,,,,,,,,,,,,,Yes,,,,,,,,,,,,,,,,,,
78,GB,FOSDYKE, Port of Fosdyke Ltd ,Fosdyke Bridge Boston P E20 2 D B United Kingdom, 44 1205 260240 , 44 1205 260400 ,, 52 52 0 N ,-0 1 59 W,52.86666666666667,-0.03305555555555556, Marina , Small ,,,,,,,,,,,,,,,,,,,,,,,,,,,,,,,,,,,,,,,,,,,
79,GB,FRASERBURGH, Harbour Office ,Shore Street Fraserburgh A B43 9 B R United Kingdom, 44 1346 515858 , 44 1346 516641 , enquiries@fraserburgh-harbour.co.uk , 57 40 59 N ,-2 0 0 W,57.666666666666664,-2.0, Harbor , Small ,No,,,No,Yes, Small , Fair , Up to 500 feet in length , Coastal Breakwater ,,No,Yes,Yes,No,11 - 15 ft,11 - 15 ft,3,46 - 50 ft,21 - 25 ft,Yes,Yes,Yes,,,Yes,Yes,,,Yes,Yes,Yes,,Yes,,Yes,Yes,Yes,Yes,Yes,Yes, Limited ,"201 to 1,000 tons",
80,GB,GARIESTON,,,,,, 54 48 19 N ,-4 20 55 W,54.8,-4.3486111111111105,,,,,,,,,,,,,,,,,,,,,,,,,,,Yes,,,,,,,,,,,,,,,,,,
81,GB,GARLIESTON,,,,,, 54 28 11 N ,-4 13 11 W,54.46666666666667,-4.219722222222222,,,,,,,,,,,,,,,,,,,,,,,,,,,Yes,,,,,,,,,,,,,,,,,,
82,GB,GIRVAN,,,,,, 55 14 43 N ,-4 51 0 W,55.233333333333334,-4.85,,,,,,,,,,,,,,,,,,,,,,,,,,,Yes,,,,,,,,,,,,,,,,,,
83,GB,GLASGOW APT,,,,,, 55 51 22 N ,-4 15 32 W,55.85,-4.2588888888888885,,,,,,,,,,,,,,,,,,,,,,,,,,,Yes,,,,,,,,,,,,,,,,,,
84,GB,GLENSANDA,,,,,, 56 34 0 N ,-5 31 59 W,56.56666666666667,-5.533055555555555,,,Yes,141.0,,No,,Very Small,Good,over 500 feet,River Natural,,Yes,No,,No,66 - 70 ft,36 - 40 ft,4,76 - over ft,,Yes,Yes,No,,,Yes,Yes,,,,,,,,,Yes,,,,,,None,,
85,GB,GOOLE, Associated British Ports ,A B P Goole East Parade Goole D N14 5 R B United Kingdom,,, mkennerley@abports.co.uk , 53 41 53 N ,-0 52 3 W,53.68333333333333,-0.8675, River Port , Small ,Yes,192.0,37062,No,Yes, Small , Excellent , Up to 500 feet in length , River Tide Gate ,Yes,,Yes,Yes,No,11 - 15 ft,16 - 20 ft,4,,,Yes,Yes,Yes,,Yes,Yes,Yes,,,Yes,Yes,Yes,Yes,Yes,Yes,Yes,Yes,Yes,Yes,Yes,Yes, Moderate ,Up to 200 tons,
86,GB,GOUROCK, Caledonian MacBrayne Ltd ,The Ferry Terminal Gourock P A19 1 Q P United Kingdom, 44 1475 650100 , 44 1475 650336 ,, 56 7 0 N ,-4 49 59 W,56.11666666666667,-4.833055555555555, Ferry , Small ,,,,,,,,,,,,,,,,,,,,,,,,,,,,,,,,,,,,,,,,,,,
87,GB,GRANGEMOUTH, Forth Ports PLC ,"Port Office Grangemouth, Stirlingshire F K3 8 U E United Kingdom", 44 1324 668 400 , 44 1324 665106 , nik.scott-gray@forthports.co.uk , 56 0 49 N ,-3 40 24 W,56.0,-3.6733333333333333, Seaport , Medium ,Yes,192.0,,No,Yes, Small , Excellent , Over 500 feet in length , River Tide Gate ,,,Yes,Yes,No,21 - 25 ft,26 - 30 ft,4,46 - 50 ft,21 - 25 ft,Yes,Yes,Yes,Yes,,Yes,Yes,,,,Yes,Yes,Yes,Yes,,Yes,Yes,Yes,Yes,Yes,Yes, Moderate ,"over 1,000 tons",Up to 656 ft
88,GB,GREENOCK, Clydeport Ltd ,Patrick Street Greenock P A16 8 U P United Kingdom, 01475 726171 ,, andrew.hemphill@clydeport.co.uk , 55 57 22 N ,-4 46 39 W,55.95,-4.7775, Seaport , Small ,Yes,141.0,36020,No,Yes, Medium , Good , Over 500 feet in length , River Basin ,Yes,,Yes,Yes,No,21 - 25 ft,16 - 20 ft,2,36 - 40 ft,,Yes,Yes,Yes,No,Yes,Yes,Yes,,Yes,Yes,Yes,Yes,Yes,Yes,,Yes,Yes,Yes,Yes,Yes,Yes, Major ,Up to 200 tons,985 ft and over
89,GB,GREENWICH,,,,,, 51 16 48 N ,0 0 0 E,51.266666666666666,0.0,,,,,,,,,,,,,,,,,,,,,,,,,,,Yes,,,,,,,,,,,,,,,,,,
90,GB,GRIMSBY, Associated British Ports ,Port Office Cleethorpe Road Grimsby D N31 3 L L United Kingdom, 01472 359 181 , 01472 242 488 , npalmer@abports.co.uk , 53 34 59 N ,-0 4 0 W,53.56666666666667,-0.06666666666666667, Harbor , Small ,Yes,192.0,37066,Yes,Yes, Medium , Excellent , Up to 500 feet in length , River Basin ,,,Yes,Yes,No,21 - 25 ft,26 - 30 ft,14,16 - 20 ft,,Yes,Yes,Yes,No,,Yes,Yes,,,Yes,Yes,Yes,Yes,Yes,,Yes,Yes,Yes,Yes,Yes,Yes, Limited ,Up to 200 tons,657 ft to 984 ft
91,GB,HALIFAX,,,,,, 53 25 48 N ,-1 30 35 W,53.416666666666664,-1.5097222222222222,,,,,,,,,,,,,,,,,,,,,,,,,,,Yes,,,,,,,,,,,,,,,,,,
92,GB,HAMPTON,,,,,, 51 30 18 N ,-0 3 39 W,51.5,-0.060833333333333336,,,,,,,,,,,,,,,,,,,,,,,,,,,Yes,,,,,,,,,,,,,,,,,,
93,GB,HARWICH, Harwich International Port Limited ,"Parkeston Harwich, Essex C O12 4 S R United Kingdom", 44 01255 242000 , 44 01255 241400 , enquiries@harwich.co.uk , 51 55 59 N ,1 13 59 E,51.916666666666664,1.2166666666666668, Seaport , Small ,Yes,192.0,,No,Yes,Small,Fair,over 500 feet,River Natural,,,Yes,,No,41 - 45 ft,31 - 35 ft,3,36 - 40 ft,26 - 30 ft,Yes,Yes,Yes,,,Yes,Yes,,,,Yes,Yes,Yes,Yes,,,,Yes,Yes,Yes,Yes,Limited,"201 to 1,000 tons",
94,GB,HOLYHEAD, Stena Line Ports Ltd ,"Stena House Holyhead Anglesey, Gwynedd L L65 1 D Q United Kingdom", 44 1407 606666 , 44 1407 606659 ,, 53 16 17 N ,-4 37 1 W,53.266666666666666,-4.616944444444445, Harbor , Small ,Yes,142.0,,Yes,Yes, Small , Good , Up to 500 feet in length , Coastal Breakwater ,,Yes,No,,No,26 - 30 ft,11 - 15 ft,4,16 - 20 ft,,Yes,Yes,Yes,,Yes,Yes,Yes,,,,Yes,Yes,Yes,Yes,,No,Yes,Yes,Yes,Yes,Yes, Moderate ,Up to 200 tons,Up to 656 ft
95,GB,HOUND POINT,,,,,, 56 0 0 N ,-3 21 0 W,56.0,-3.35,,,,,,,,,,,,,,,,,,,,,,,,,,,Yes,,,,,,,,,,,,,,,,,,
96,GB,HOWDENDYKE,,,,,, 53 43 35 N ,-0 52 53 W,53.71666666666667,-0.8813888888888889,,,,192.0,37062,No,,Very Small,Fair,less than 500 feet,River Natural,,,,Yes,,11 - 15 ft,,0,16 - 20 ft,,Yes,Yes,Yes,,,Yes,Yes,,,,,,,,,Yes,,Yes,,Yes,Yes,Limited,Up to 200 tons,
97,GB,HULL, Associated British Ports ,"PO Box 1 Port House, Northern Gateway Hull H U9 5 P Q United Kingdom", 01482 327 171 , 01482 608 434 , hull@abports.co.uk , 53 42 26 N ,-0 20 26 W,53.7,-0.34055555555555556, Harbor , Medium ,Yes,,,No,Yes, Medium , Excellent , Over 500 feet in length , River Tide Gate ,,,Yes,Yes,No,16 - 20 ft,21 - 25 ft,6,31 - 35 ft,21 - 25 ft,Yes,Yes,Yes,No,Yes,Yes,Yes,,Yes,,Yes,Yes,Yes,,Yes,,Yes,Yes,Yes,Yes,Yes, Major ,,657 ft to 984 ft
98,GB,HUNTERSTON, Clydeport Ltd ,"Fairlie Largs, Ayrshire K A29 0 A Z United Kingdom", 01475 568181 ,, john.mcguigan@clydeport.co.uk , 55 45 9 N ,-4 51 16 W,55.75,-4.854444444444444, Harbor , Small ,,141.0,36024,,Yes, Large , Good , Over 500 feet in length , Coastal Breakwater ,Yes,,,,,76 - over ft,61 - 65 ft,3,36 - 40 ft,,Yes,Yes,Yes,,,Yes,Yes,,,,,,,Yes,,,,Yes,,Yes,Yes, Limited ,Up to 200 tons,
99,GB,HYDE,,,,,, 53 16 12 N ,-2 2 59 W,53.266666666666666,-2.049722222222222,,,,,,,,,,,,,,,,,,,,,,,,,,,Yes,,,,,,,,,,,,,,,,,,
100,GB,ILFORD,,,,,, 51 19 47 N ,0 18 0 E,51.31666666666667,0.3,,,,,,,,,,,,,,,,,,,,,,,,,,,Yes,,,,,,,,,,,,,,,,,,
101,GB,IMMINGHAM, Associated British Ports ,Dock Office Immingham Immingham D N40 2 L Z United Kingdom, +44 (0) 1472 359181 , +44 (0) 1472 242488 , npalmer@abports.co.uk , 53 37 20 N ,-0 10 25 W,53.61666666666667,-0.1736111111111111, Harbor , Large ,Yes,192.0,37066,No,Yes, Medium , Excellent , Over 500 feet in length , River Tide Gate ,,,Yes,Yes,No,26 - 30 ft,36 - 40 ft,5,26 - 30 ft,36 - 40 ft,Yes,Yes,Yes,No,,Yes,,,No,Yes,Yes,Yes,Yes,Yes,,Yes,Yes,Yes,Yes,Yes,Yes, Major ,"over 1,000 tons",657 ft to 984 ft
102,GB,INVERNESS, Inverness Port Authority ,"Inverness Harbour Office Longman Drive Inverness, Scottland I V1 1 S U United Kingdom", 44 1463 715715 , 44 1463 715705 , hm@invernessharbour.co.uk , 57 29 42 N ,-4 13 35 W,57.483333333333334,-4.226388888888889, Harbor , Small ,Yes,141.0,,No,Yes, Small , Good , Up to 500 feet in length , River Natural ,Yes,Yes,Yes,Yes,No,46 - 50 ft,16 - 20 ft,5,41 - 45 ft, 6 - 10 feet 1.8 - 3 meters ,Yes,Yes,No,,,Yes,Yes,,,Yes,Yes,Yes,,Yes,,Yes,Yes,Yes,,Yes,, Limited ,"201 to 1,000 tons",
103,GB,IPSWICH, Associated British Ports ,Old Custom House Key Street Ipswich I P4 1 B Y United Kingdom, 01473 231 010 , 01473 230 914 , amacfarlane@abports.co.uk , 52 1 59 N ,1 8 60 E,52.016666666666666,1.1333333333333333, River Port , Medium ,Yes,192.0,37140,No,Yes, Small , Excellent , Up to 500 feet in length , River Tide Gate ,Yes,,Yes,Yes,Yes,16 - 20 ft,21 - 25 ft,4,21 - 25 ft,21 - 25 ft,Yes,Yes,Yes,,,Yes,Yes,,,,Yes,Yes,Yes,Yes,,Yes,Yes,Yes,Yes,Yes,Yes, Limited ,Up to 200 tons,657 ft to 984 ft
104,GB,IRVINE, Irvine Harbour Co ,"The Harbour Irvine, Strathclyde K A12 8 P Z United Kingdom",,,, 55 35 58 N ,-4 41 7 W,55.583333333333336,-4.685277777777778, Harbor , Small ,Yes,,,No,, Small , Good , Up to 500 feet in length , River Natural ,,Yes,No,,No, 0 - 5 feet 0 - 1.5 meters ,11 - 15 ft,5,,,No,Yes,Yes,No,,Yes,Yes,,,,Yes,Yes,Yes,,,,Yes,Yes,Yes,Yes,Yes, Limited ,"over 1,000 tons",
105,GB,ISLE OF GRAIN,,,,,, 51 26 31 N ,0 43 16 E,51.43333333333333,0.7166666666666667,,,,192.0,37030,,Yes,Small,Fair,over 500 feet,Coastal Natural,,,Yes,,,36 - 40 ft,41 - 45 ft,4,46 - 51 ft,41 - 45 ft,Yes,Yes,Yes,,,Yes,Yes,,,,,Yes,Yes,Yes,,Yes,,Yes,,Yes,Yes,Limited,Up to 200 tons,
106,GB,ISLE OF WHITHORN,,,,,, 54 43 8 N ,-4 22 14 W,54.71666666666667,-4.370555555555555,,,,,,,,,,,,,,,,,,,,,,,,,,,Yes,,,,,,,,,,,,,,,,,,
107,GB,KILKEEL, Northern Ireland Fishery Harbour Authority (NIFHA) ,"3 St Patricks Avenue Downpatrick, County Down B T30 6 D W United Kingdom", 028 4461 3844 , 028 4461 7128 , mccaughey@nifha.freeserve.co.uk , 53 6 4 N ,-6 2 27 W,53.1,-6.0408333333333335, Harbor , Small ,,141.0,36006,,Yes, Very Small ,Fair, Up to 500 feet in length , Coastal Natural ,,Yes,,No,,6 - 10 ft,6 - 10 ft,4,36 - 40 ft,,,,,,,,,,,,,,,,,,Yes,Yes,Yes,Yes,Yes, Moderate ,,
108,GB,KILROOT,,,,,, 54 43 20 N ,-5 45 37 W,54.71666666666667,-5.760277777777778,,,,142.0,36011,,,Small,Fair,less than 500 feet,Coastal Natural,,,Yes,,Yes,,31 - 35 ft,0,31 - 35 ft,21 - 25 ft,Yes,Yes,Yes,,,Yes,Yes,Yes,,,,,,,,,,Yes,,,Yes,,Up to 200 tons,
109,GB,KIRKCUDBRIGHT,,,,,, 54 49 19 N ,-4 2 40 W,54.81666666666667,-4.044444444444444,,,,,,,,,,,,,,,,,,,,,,,,,,,Yes,,,,,,,,,,,,,,,,,,
110,GB,KIRKWALL,,,,,, 58 58 59 N ,-2 58 0 W,58.96666666666667,-2.966666666666667,,,,141.0,35057,,Yes,Very Small,Good,less than 500 feet,Coastal Breakwater,,Yes,Yes,,No,16 - 20 ft,16 - 20 ft,2,41 - 45 ft,,Yes,Yes,Yes,,,Yes,Yes,,,,,Yes,,Yes,,Yes,Yes,Yes,,Yes,Yes,Limited,,
111,GB,KNOWSLEY,,,,,, 53 16 12 N ,-2 30 35 W,53.266666666666666,-2.5097222222222224,,,,,,,,,,,,,,,,,,,,,,,,,,,Yes,,,,,,,,,,,,,,,,,,
112,GB,KYLE OF LOCHALSH,,,,,, 57 16 0 N ,-5 43 0 W,57.266666666666666,-5.716666666666667,,,No,141.0,35095,No,Yes,Very Small,Fair,less than 500 feet,Open Roadstead,,Yes,No,,No,16 - 20 ft,16 - 20 ft,5,41 - 45 ft,,,Yes,Yes,,,Yes,Yes,,,,,Yes,Yes,,,,Yes,,,Yes,Yes,Limited,Up to 200 tons,
113,GB,LANCASTER, Lancaster Port Commission ,West Quay Glasson Dock Lancaster L A2 0 D B United Kingdom, 44 1524 751724 , 44 1524 752167 ,, 54 3 11 N ,-2 48 17 W,54.05,-2.804722222222222, River Port , Small ,,142.0,36025,No,Yes,Small,Fair,less than 500 feet,RIVER BASIN,,,Yes,Yes,Yes,,11 - 15 ft,3,26 - 30 ft,,No,Yes,No,No,Yes,Yes,,,,,,,,,,Yes,Yes,Yes,,Yes,Yes,Limited,Up to 200 tons,
114,GB,LARGS,,,,,, 55 47 60 N ,-4 52 0 W,55.78333333333333,-4.866666666666667,,,Yes,141.0,36024,No,,Very Small,Fair,less than 500 feet,Coastal Natural,,,No,,No,46 - 51 ft,11 - 15 ft,3,31 - 35 ft,,,,No,No,,Yes,Yes,,,,,,,,,,,,,,,,,
115,GB,LARNE, Larne Harbour Ltd ,"9 Olderfleet Road Larne, Northern Ireland B T40 1 A S United Kingdom", 44 028 2887 2100 , 44 028 2887 2209 , info@portoflarne.co.uk , 54 51 0 N ,-5 46 59 W,54.85,-5.783055555555555, Harbor , Small ,Yes,142.0,35127,No,Yes, Small , Good , Over 500 feet in length , Coastal Natural ,,Yes,No,Yes,No,26 - 30 ft,16 - 20 ft,3,36 - 40 ft,31 - 35 ft,No,Yes,Yes,,Yes,Yes,Yes,,,,Yes,Yes,Yes,Yes,,Yes,Yes,Yes,,Yes,Yes, Limited ,Up to 200 tons,
116,GB,LEITH, Forth Ports PLC ,"Leith Port Office Imperial House, Albert Dock Leith, Edinburgh E H6 7 D N United Kingdom", 44 131 555 8750 , 44 131 555 1212 , david.macpherson@forthports.co.uk , 55 58 59 N ,-3 10 0 W,55.96666666666667,-3.1666666666666665, Seaport , Large ,Yes,192.0,35037,Yes,Yes, Medium , Good , Over 500 feet in length , River Tide Gate ,Yes,Yes,Yes,Yes,No,21 - 25 ft,26 - 30 ft,2,31 - 35 ft,26 - 30 ft,,Yes,Yes,No,Yes,Yes,,,,Yes,Yes,Yes,Yes,Yes,Yes,Yes,Yes,Yes,Yes,Yes,Yes, Major ,Up to 200 tons,657 ft to 984 ft
117,GB,LERWICK, Lerwick Port Authority ,"Albert Building Lerwick, Shetland Z E1 0 L L United Kingdom", 44 01595 692991 , 44 01595 693452 , info@lerwick-harbour.co.uk , 60 7 30 N ,-1 10 36 W,60.11666666666667,-1.1766666666666667, Harbor , Small ,No,141.0,35065,No,Yes, Very Small , Fair , Up to 500 feet in length , Coastal Natural ,,Yes,No,,No,16 - 20 ft,16 - 20 ft,2,46 - 50 ft,16 - 20 ft,Yes,Yes,Yes,No,,,Yes,,Yes,Yes,Yes,Yes,Yes,Yes,,Yes,Yes,Yes,Yes,Yes,Yes, Limited ,Up to 200 tons,Up to 656 ft
118,GB,LINTON,,,,,, 52 3 36 N ,0 9 35 E,52.05,0.15,,,,,,,,,,,,,,,,,,,,,,,,,,,Yes,,,,,,,,,,,,,,,,,,
119,GB,LITTLEHAMPTON, Littlehampton Harbour Board ,"Harbour Office Pier Road Littlehampton, West Sussex B N17 5 L R United Kingdom", 44 01903-721215 , 44 01903-739472 , harbour@littlehampton.org.uk , 50 48 28 N ,-0 32 0 W,50.8,-0.5333333333333333, River Port , Small ,Yes,,,No,Yes, Very Small , Good , Up to 500 feet in length , River Natural ,,Yes,,Yes,, 6 - 10 feet 1.8 - 3 meters ,11 - 15 ft,4,16 - 20 ft,,Yes,Yes,No,No,,Yes,Yes,,,,,Yes,,Yes,,,Yes,Yes,Yes,Yes,, Limited ,,
120,GB,LIVERPOOL, Mersey Docks and Harbour Company ,Maritime Centre Liverpool L21 1 L A United Kingdom, 0151 949 6000 , 0151 949 6300 ,, 53 24 35 N ,-2 59 32 W,53.4,-2.9922222222222223, Seaport , Large ,Yes,142.0,36025,Yes,Yes, Large , Excellent , Over 500 feet in length , River Tide Gate ,Yes,,Yes,Yes,No,21 - 25 ft,26 - 30 ft,6,21 - 25 ft,41 - 45 ft,Yes,Yes,Yes,Yes,Yes,Yes,Yes,No,Yes,Yes,Yes,Yes,Yes,Yes,Yes,Yes,Yes,Yes,Yes,Yes,Yes, Major ,"over 1,000 tons",657 ft to 984 ft
121,GB,LLANARMON,,,,,, 52 32 60 N ,-4 12 35 W,52.53333333333333,-4.209722222222222,,,,,,,,,,,,,,,,,,,,,,,,,,,Yes,,,,,,,,,,,,,,,,,,
122,GB,LLANDDULAS, Llanddulas Port Authority ,"Port Office Llanddulas, Clwyd United Kingdom", 44 1492 517564 , 44 1492 512939 ,, 53 17 27 N ,-3 39 34 W,53.28333333333333,-3.6594444444444445," Pier, Jetty or Wharf ", Small ,,,,,,,,,,,,,,,,,,,,,,,,,,,,,,,,,,,,,,,,,,,
123,GB,LOCHALINE, Tilcon Lochaline Ltd ,"Lochaline Morvern Oban, Argyll P A34 5 U X United Kingdom", 44 1967 84207 , 44 1967 84274 ,, 56 31 59 N ,-5 46 0 W,56.516666666666666,-5.766666666666667, Harbor , Small ,,141.0,35097,,,Very Small,Fair,less than 500 feet,RIVER BASIN,,Yes,Yes,,,0 - 5 ft,26 - 30 ft,5,46 - 51 ft,,,,,,,,Yes,,,,,,,,,,Yes,,,Yes,,Limited,,
124,GB,LOCHBOISDALE,,,,,, 57 8 60 N ,-7 17 60 W,57.13333333333333,-7.3,,,Yes,141.0,35092,No,Yes,Very Small,Poor,less than 500 feet,Coastal Natural,,,No,,No,26 - 30 ft,11 - 15 ft,3,66 - 70 ft,,No,Yes,No,,,Yes,Yes,,,,,,,No,,,Yes,,,Yes,,None,,
125,GB,LOCH GAIRLOCH,,,,,, 57 43 55 N ,-5 44 22 W,57.71666666666667,-5.739444444444445,,,,,,,,,,,,,,,,,,,,,,,,,,,Yes,,,,,,,,,,,,,,,,,,
126,GB,LOCHMADDY, Comhairle Nan Eilean Siar ,"Balivanich, Isle of Benbecula H S7 5 L A United Kingdom", 44 1870 602425 , 44 1870 602988 , harbourmaster@cne-siar.gov.uk , 57 36 0 N ,-7 10 0 W,57.6,-7.166666666666667," Pier, Jetty or Wharf ", Small ,Yes,141.0,35092,No,Yes, Very Small , Good , Up to 500 feet in length , Coastal Natural ,,No,No,,No,41 - 45 ft,11 - 15 ft,3,21 - 25 ft,,No,Yes,No,No,,,Yes,,,,,Yes,,Yes,,Yes,Yes,Yes,No,Yes,, Limited ,,
127,GB,LONDON, Port of London Authority ,Bakers' Hall7 Harp Lane London E C3 R 6 L B United Kingdom, +44 20 7743 7900 , +44 20 7743 7999 , marketing@pla.co.uk , 51 30 27 N ,-0 7 20 W,51.5,-0.12222222222222222, River Port , Large ,Yes,192.0,37036,Yes,Yes,Large,Excellent,over 500 feet,RIVER BASIN,Yes,Yes,Yes,Yes,No,26 - 30 ft,11 - 15 ft,6,46 - 51 ft,31 - 35 ft,Yes,Yes,Yes,No,,Yes,Yes,No,Yes,Yes,Yes,Yes,Yes,Yes,Yes,Yes,Yes,Yes,Yes,Yes,Yes,Major,"201 to 1,000 tons",657 ft to 984 ft
128,GB,LONDONDERRY, Londonderry Port and Harbour Commissioners ,"Harbour Office Port Road, Lisahally Londonderry, Northern Ireland B T47 6 F L United Kingdom", 44 028 7186 0555 , 44 028 7186 1168 , info@londonderry-port.co.uk , 55 1 55 N ,-7 15 49 W,55.016666666666666,-7.2636111111111115, River Port , Small ,Yes,142.0,,No,Yes, Small , Excellent , Over 500 feet in length , River Natural ,No,Yes,No,Yes,No,26 - 30 ft,21 - 25 ft,1,41 - 45 ft,16 - 20 ft,Yes,Yes,Yes,,Yes,Yes,Yes,,,,Yes,Yes,Yes,Yes,,Yes,Yes,Yes,Yes,Yes,Yes, Limited ,,Up to 656 ft
129,GB,LONDON GATEWAY PORT, Port of London Authority ,,,,, 51 30 46 N ,0 28 53 E,51.5,0.4666666666666667, River Port , Large ,,,,,,,,,,,,,,,,,,,,,,,,,Yes,,,,,,,,,,,,,,,,,,
130,GB,LOOE,,,,,, 50 12 35 N ,-4 16 11 W,50.2,-4.269722222222222,,,,,,,,,,,,,,,,,,,,,,,,,,,Yes,,,,,,,,,,,,,,,,,,
131,GB,LOSSIEMOUTH, Elgin and Lossiemouth Harbour Co ,Clydesdale Bank Buildings151 High Street Elgin I V30 1 D X United Kingdom, 44 1343 563355 ,,, 57 43 0 N ,-3 16 59 W,57.71666666666667,-3.2830555555555554, Harbor , Small ,No,141.0,35052,No,Yes, Very Small , Good , Up to 500 feet in length , Coastal Natural ,,No,Yes,,No,11 - 15 ft, 0 - 5 feet 0 - 1.5 meters ,4,41 - 45 ft,,No,Yes,No,No,,Yes,Yes,,,,,Yes,,Yes,,,Yes,Yes,,Yes,Yes, Limited ,Up to 200 tons,
132,GB,LOWESTOFT, Associated British Ports ,"North Quay Cargo Terminal Commercial Road Lowestoft, Suffolk N R32 2 T E United Kingdom", 01502 572 286 , 01502 500 032 ,, 52 28 53 N ,1 45 17 E,52.46666666666667,1.75, Harbor , Small ,Yes,192.0,,No,Yes, Small , Excellent , Up to 500 feet in length , Coastal Breakwater ,,,Yes,Yes,No, 6 - 10 feet 1.8 - 3 meters ,16 - 20 ft,2,36 - 40 ft,16 - 20 ft,Yes,Yes,Yes,,,Yes,Yes,,Yes,Yes,Yes,Yes,Yes,Yes,,Yes,Yes,Yes,Yes,Yes,Yes, Moderate ,Up to 200 tons,Up to 656 ft
133,GB,LYBSTER,,,,,, 58 10 48 N ,-3 10 11 W,58.166666666666664,-3.169722222222222,,,,,,,,,,,,,,,,,,,,,,,,,,,Yes,,,,,,,,,,,,,,,,,,
134,GB,LYDNEY,,,,,, 51 25 48 N ,-2 18 35 W,51.416666666666664,-2.3097222222222222,,,,,,,,,,,,,,,,,,,,,,,,,,,Yes,,,,,,,,,,,,,,,,,,
135,GB,MACDUFF, Aberdeenshire Council ,"Harbour Offices Macduff, Banffshire United Kingdom", 01261 832236 , 01261 833612 , pdmckay@aberdeenshire.gov.uk , 57 40 0 N ,-2 28 59 W,57.666666666666664,-2.4830555555555556, Harbor , Small ,No,141.0,35013,No,Yes, Very Small , Poor , Up to 500 feet in length , Coastal Breakwater ,,,Yes,Yes,Yes, 6 - 10 feet 1.8 - 3 meters ,16 - 20 ft,3,36 - 40 ft,,No,Yes,,,,Yes,Yes,,,,,Yes,Yes,,,,Yes,Yes,,Yes,Yes, Limited ,"201 to 1,000 tons",
136,GB,MACHRIHANISH,,,,,, 55 15 35 N ,-5 27 0 W,55.25,-5.45,,,,,,,,,,,,,,,,,,,,,,,,,,,Yes,,,,,,,,,,,,,,,,,,
137,GB,MALDON, Maldon Harbour Improvement Commissioners ,"29 Highlands Drive Maldon, Essex C M9 6 H Y United Kingdom", 44 1621 852238 ,,, 51 44 3 N ,0 40 42 E,51.733333333333334,0.6666666666666666, Harbor , Small ,,,,,,,,,,,,,,,,,,,,,,,,,,,,,,,,,,,,,,,,,,,
138,GB,MALLAIG, Mallaig Harbour Authority ,Harbour Office Mallaig P H41 4 Q B United Kingdom, 44 1687 462154 , 44 1687 462172 , harbourauthority@mallaig.dialnet.com , 57 2 51 N ,-5 46 41 W,57.03333333333333,-5.7780555555555555, Harbor , Small ,,141.0,35089,,Yes, Very Small , Good , Up to 500 feet in length , Coastal Natural ,,Yes,Yes,,No,16 - 20 ft,11 - 15 ft,12,16 - 20 ft,,No,Yes,No,No,,Yes,Yes,,,,,Yes,,Yes,,,Yes,Yes,Yes,Yes,Yes, Limited ,Up to 200 tons,
139,GB,MANCHESTER, Manchester Ship Canal Co ,"Runcorn Docs Percival Lane Runcorn, Cheshire W A7 4 U Y United Kingdom", 44 1928 508550 , 44 1928 567469 , mail@shipcanal.co.uk , 53 28 7 N ,-2 17 19 W,53.46666666666667,-2.288611111111111, River Port , Medium ,Yes,142.0,,Yes,Yes,Large,Excellent,less than 500 feet,River Tide Gate,Yes,,Yes,Yes,No,16 - 20 ft,16 - 20 ft,3,21 - 25 ft,26 - 30 ft,Yes,Yes,Yes,,Yes,Yes,Yes,Yes,Yes,Yes,Yes,Yes,Yes,Yes,Yes,Yes,Yes,Yes,Yes,Yes,Yes,Major,,657 ft to 984 ft
140,GB,MEDWAY PORTS,,,,,, 51 23 45 N ,0 35 49 E,51.38333333333333,0.5833333333333334,,,,,,,,,,,,,,,,,,,,,,,,,,,Yes,,,,,,,,,,,,,,,,,,
141,GB,MEVAGISSEY,,,,,, 50 9 35 N ,-4 28 11 W,50.15,-4.469722222222222,,,,191.0,37003,,,Very Small,Good,less than 500 feet,Coastal Breakwater,,,Yes,,No,6 - 10 ft,0 - 5 ft,4,11 - 15 ft,,Yes,Yes,,,,Yes,,,,,,,,,,,Yes,,,Yes,,Limited,,
142,GB,MIDDLESBOROUGH,,,,,, 54 35 4 N ,-1 14 1 W,54.583333333333336,-1.2336111111111112,,,,,,,,,,,,,,,,,,,,,,,,,,,Yes,,,,,,,,,,,,,,,,,,
143,GB,MINWORTH,,,,,, 52 19 11 N ,-1 27 35 W,52.31666666666667,-1.4597222222222221,,,,,,,,,,,,,,,,,,,,,,,,,,,Yes,,,,,,,,,,,,,,,,,,
144,GB,MISTLEY, Mistley Quay and Forwarding Co ,"High Street Mistley Manningtree, Essex C O11 1 H B United Kingdom", 44 1206 394431 , 44 1206 393882 ,, 51 55 59 N ,1 8 60 E,51.916666666666664,1.1333333333333333, Harbor , Small ,,,,,,,,,,,,,,,,,,,,,,,,,,,,,,,,,,,,,,,,,,,
145,GB,MONTROSE, Montrose Port Authority ,"Harbour Office, South Quay Ferryden Montrose D D10 9 S L United Kingdom", 44 01674 672 302 , 44 01674 675 530 , info@montroseport.co.uk , 56 42 46 N ,-2 26 58 W,56.7,-2.4494444444444445, Harbor , Small ,Yes,141.0,35013,No,Yes, Small , Good , Over 500 feet in length , River Natural ,,Yes,Yes,Yes,Yes,16 - 20 ft,16 - 20 ft,3,41 - 45 ft,16 - 20 ft,Yes,Yes,Yes,No,,Yes,Yes,,,Yes,Yes,Yes,Yes,Yes,,Yes,Yes,Yes,Yes,Yes,Yes, Limited ,,
146,GB,MOSTON,,,,,, 53 18 36 N ,-2 6 0 W,53.3,-2.1,,,,,,,,,,,,,,,,,,,,,,,,,,,Yes,,,,,,,,,,,,,,,,,,
147,GB,MOSTYN, Mostyn Docks Ltd ,"Holywell, Flintshire C H8 9 H E United Kingdom", 44 1745 560335 , 44 1745 560324 ,, 53 19 0 N ,-3 16 0 W,53.31666666666667,-3.2666666666666666, Harbor , Small ,,142.0,,,,Very Small,Fair,less than 500 feet,Coastal Natural,,,,,,36 - 40 ft,6 - 10 ft,5,51 - 55 ft,,Yes,Yes,Yes,,,Yes,Yes,,,Yes,Yes,Yes,Yes,Yes,Yes,Yes,,,,Yes,,Limited,Up to 200 tons,
148,GB,NAILSEA,,,,,, 51 15 35 N ,-2 27 0 W,51.25,-2.45,,,,,,,,,,,,,,,,,,,,,,,,,,,Yes,,,,,,,,,,,,,,,,,,
149,GB,NAIRN,,,,,, 57 21 0 N ,-3 31 47 W,57.35,-3.529722222222222,,,,,,,,,,,,,,,,,,,,,,,,,,,Yes,,,,,,,,,,,,,,,,,,
150,GB,NEATH ABBEY,,,,,, 51 38 46 N ,-3 50 19 W,51.63333333333333,-3.838611111111111,,,,,,,,,,,,,,,,,,,,,,,,,,,Yes,,,,,,,,,,,,,,,,,,
151,GB,NEW HOLLAND,,,,,, 53 42 14 N ,-0 22 2 W,53.7,-0.36722222222222217,,,,192.0,37062,,,Very Small,Poor,less than 500 feet,Open Roadstead,,,,,,0 - 5 ft,0 - 5 ft,5,16 - 20 ft,,Yes,Yes,,,,Yes,Yes,,,,Yes,Yes,,Yes,Yes,Yes,Yes,Yes,,Yes,Yes,Limited,,
152,GB,NEWLYN, The Newlyn Pier and Harbour Commission ,"Harbour Office Newlyn, Cornwall T R18 5 H W United Kingdom", 44 1736 362523 , 44 1736 351614 ,, 50 6 0 N ,-5 32 60 W,50.1,-5.55, Harbor , Small ,,191.0,36049,,Yes, Very Small , Good , Over 500 feet in length , Coastal Breakwater ,,,Yes,Yes,No, 6 - 10 feet 1.8 - 3 meters , 6 - 10 feet 1.8 - 3 meters ,5,21 - 25 ft,,Yes,Yes,Yes,No,,Yes,Yes,,No,No,No,No,No,Yes,No,Yes,Yes,Yes,,Yes,Yes, Limited ,Up to 200 tons,
153,GB,NORWICH,,,,,, 52 37 59 N ,1 19 0 E,52.61666666666667,1.3166666666666667,,,,,,,,,,,,,,,,,,,,,,,,,,,Yes,,,,,,,,,,,,,,,,,,
154,GB,PADSTOW, Padstow Harbour Commissioners ,"The Harbour Office Padstow, Cornwall P L28 8 A Q United Kingdom", 44 1841 532239 , 44 1841 533346 , info@padstow-harbour.co.uk , 50 33 37 N ,-4 55 5 W,50.55,-4.918055555555556, Harbor , Small ,Yes,142.0,,No,Yes, Very Small , Excellent , Up to 500 feet in length , River Natural ,,No,Yes,,Yes, 6 - 10 feet 1.8 - 3 meters ,11 - 15 ft,6, 6 - 10 feet 1.8 - 3 meters ,,Yes,Yes,No,No,,Yes,,,No,No,No,No,No,No,No,,Yes,Yes,,Yes,Yes, Limited ,,
155,GB,PAR,,,,,, 50 21 0 N ,-4 42 0 W,50.35,-4.7,,,,191.0,37003,,Yes,Very Small,Good,less than 500 feet,Coastal Breakwater,Yes,No,Yes,Yes,No,0 - 5 ft,16 - 20 ft,4,31 - 35 ft,,Yes,Yes,No,No,,Yes,Yes,,,,,Yes,,Yes,,Yes,Yes,Yes,,Yes,Yes,Limited,,Up to 656 ft
156,GB,PEEBLES,,,,,, 55 22 48 N ,-3 6 35 W,55.36666666666667,-3.1097222222222225,,,,,,,,,,,,,,,,,,,,,,,,,,,Yes,,,,,,,,,,,,,,,,,,
157,GB,PEMBROKE,,,,,, 51 40 52 N ,-4 56 52 W,51.666666666666664,-4.947777777777778,,,,,,,,,,,,,,,,,,,,,,,,,,,Yes,,,,,,,,,,,,,,,,,,
158,GB,PENRYN,,,,,, 50 9 47 N ,-5 3 30 W,50.15,-5.058333333333334,,,,,,,,,,,,,,,,,,,,,,,,,,,Yes,,,,,,,,,,,,,,,,,,
159,GB,PENZANCE, Penwith District Council ,"St Clare Penzance, Cornwall T R18 3 Q W United Kingdom", 44 01736 3661133 ,,, 50 7 5 N ,-5 32 8 W,50.11666666666667,-5.535555555555556, Harbor , Small ,Yes,191.0,36049,No,Yes, Small , Good , Up to 500 feet in length , Coastal Tide Gate ,,,Yes,Yes,No,16 - 20 ft,11 - 15 ft,5,46 - 50 ft,,,Yes,Yes,No,,Yes,Yes,,,Yes,Yes,Yes,Yes,Yes,,,Yes,Yes,Yes,Yes,Yes, Limited ,Up to 200 tons,Up to 656 ft
160,GB,PERTH, Perth and Kinross Council ,Lower Harbour Friarton Road Perth P H2 8 B B United Kingdom, 44 1738 624056 , 44 1738 622263 ,, 56 23 36 N ,-3 25 32 W,56.38333333333333,-3.4255555555555555, River Port , Small ,Yes,141.0,,No,Yes, Small , Excellent , Up to 500 feet in length , River Basin ,,,Yes,Yes,No, 6 - 10 feet 1.8 - 3 meters ,11 - 15 ft,11, 6 - 10 feet 1.8 - 3 meters ,,No,Yes,Yes,,,Yes,Yes,,,,Yes,Yes,Yes,Yes,,Yes,,Yes,,Yes,Yes, Limited ,Up to 200 tons,
161,GB,PETERHEAD, Peterhead Bay Authority ,"Bath House Bath Street Peterhead, Scotland A B42 1 D W United Kingdom", 44 01779 474020 , 44 01779 475712 , jewallace@peterheadport.co.uk , 57 30 39 N ,-1 46 27 W,57.5,-1.7741666666666667, Harbor , Small ,Yes,141.0,35013,No,Yes, Small , Good , Up to 500 feet in length , Coastal Breakwater ,Yes,No,Yes,,No,11 - 15 ft,16 - 20 ft,2,41 - 45 ft,36 - 40 ft,Yes,Yes,Yes,No,,Yes,Yes,,Yes,Yes,Yes,,,Yes,,Yes,Yes,Yes,Yes,Yes,Yes, Moderate ,,Up to 656 ft
162,GB,PLYMOUTH, Cattewater Harbour Commissioners ,"2 The Barbican Plymouth, Devon P L1 2 L R United Kingdom", 44 1752 665934 , 44 1752 253624 , info@plymouthport.org.uk , 50 21 56 N ,-4 8 30 W,50.35,-4.1416666666666675, Harbor , Small ,Yes,191.0,37007/6,Yes,Yes,Medium,Excellent,less than 500 feet,Coastal Natural,Yes,Yes,Yes,Yes,No,31 - 35 ft,26 - 30 ft,5,26 - 30 ft,26 - 30 ft,Yes,Yes,Yes,,Yes,Yes,Yes,,,,Yes,Yes,Yes,Yes,Yes,Yes,,Yes,,,Yes,Limited,,985 ft and over
163,GB,POINT OF AYRE,,,,,, 54 24 13 N ,-4 22 29 W,54.4,-4.374722222222222,,,,,,,,,,,,,,,,,,,,,,,,,,,Yes,,,,,,,,,,,,,,,,,,
164,GB,PONTEFRACT,,,,,, 53 24 35 N ,-1 10 47 W,53.4,-1.1797222222222223,,,,,,,,,,,,,,,,,,,,,,,,,,,Yes,,,,,,,,,,,,,,,,,,
165,GB,POOLE, Poole Harbour Commissioners ,"Harbour Office20 New Quay Road Poole, Dorset B H15 4 A F United Kingdom", 44 01202 440200 , 44 01202 440212 , pooleharbourcommissioners@phc.co.uk , 50 42 52 N ,-1 58 59 W,50.7,-1.9830555555555556, Harbor , Small ,Yes,,,No,Yes, Small , None , Over 500 feet in length , River Natural ,Yes,,Yes,Yes,No,11 - 15 ft,11 - 15 ft,2,36 - 40 ft,16 - 20 ft,Yes,Yes,Yes,No,,Yes,,,Yes,Yes,Yes,Yes,,Yes,,Yes,Yes,Yes,,Yes,, Limited ,Up to 200 tons,
166,GB,POPLAR,,,,,, 51 17 60 N ,-0 6 0 W,51.28333333333333,-0.1,,,,,,,,,,,,,,,,,,,,,,,,,,,Yes,,,,,,,,,,,,,,,,,,
167,GB,PORT ASKAIG,,,,,, 55 50 2 N ,-6 6 39 W,55.833333333333336,-6.110833333333333,,,,,,,,,,,,,,,,,,,,,,,,,,,Yes,,,,,,,,,,,,,,,,,,
168,GB,PORTAVOGIE,,,,,, 54 27 43 N ,-5 26 20 W,54.45,-5.438888888888889,,,,,,,,,,,,,,,,,,,,,,,,,,,Yes,,,,,,,,,,,,,,,,,,
169,GB,PORTBURY,,,,,, 51 28 16 N ,-2 38 55 W,51.46666666666667,-2.6486111111111112,,,,,,,,,,,,,,,,,,,,,,,,,,,Yes,,,,,,,,,,,,,,,,,,
170,GB,PORT ELLEN,,,,,, 55 38 26 N ,-6 12 25 W,55.63333333333333,-6.206944444444445,,,No,141.0,35118,No,Yes,Very Small,Poor,less than 500 feet,Open Roadstead,,Yes,No,,No,11 - 15 ft,11 - 15 ft,1,36 - 40 ft,,No,Yes,No,No,,Yes,Yes,,,,,,,,,Yes,Yes,,,Yes,,,,
171,GB,PORTHMADOG,,,,,, 52 55 0 N ,-4 7 59 W,52.916666666666664,-4.133055555555555,,,,,,,,,,,,,,,,,,,,,,,,,,,Yes,,,,,,,,,,,,,,,,,,
172,GB,PORTISHEAD,,,,,, 51 29 12 N ,-2 45 50 W,51.483333333333334,-2.763888888888889,,,,,,,,,,,,,,,,,,,,,,,,,,,Yes,,,,,,,,,,,,,,,,,,
173,GB,PORT LAMONT,,,,,, 55 52 53 N ,-5 2 27 W,55.86666666666667,-5.0408333333333335,,,,,,,,,,,,,,,,,,,,,,,,,,,Yes,,,,,,,,,,,,,,,,,,
174,GB,PORTLAND, Portland Harbor Authority ,"Port Office Castletown Portland, Dorset D T5 1 P P United Kingdom", 44 01305 824044 , 44 01305 824055 , marine@portland-port.co.uk , 50 33 44 N ,-2 26 14 W,50.55,-2.4372222222222226, Harbor , Small ,Yes,,,Yes,Yes, Small , Excellent , Over 500 feet in length , Coastal Breakwater ,,Yes,Yes,No,Yes,36 - 40 ft,21 - 25 ft,2,26 - 30 ft,,Yes,Yes,Yes,Yes,,Yes,Yes,,,,Yes,Yes,Yes,Yes,,Yes,Yes,Yes,,Yes,Yes, Limited ,Up to 200 tons,
175,GB,PORT PENRHYN, Penrhyn Port Authority ,"Harbour Masters Office Harbour Masters Office Bangor, Gwyned L L57 4 H N United Kingdom", 44 1248 352525 , 44 1248 352525 , harbourmaster@portpenrhyn.co.uk , 53 13 59 N ,-4 7 0 W,53.21666666666667,-4.116666666666666, Harbor , Small ,No,,,No,Yes, Very Small , Fair , Up to 500 feet in length , River Basin ,,,Yes,,No, 6 - 10 feet 1.8 - 3 meters , 6 - 10 feet 1.8 - 3 meters ,,26 - 30 ft,,No,Yes,No,No,,Yes,,,,,,Yes,,Yes,,,Yes,Yes,,Yes,Yes, Limited ,"201 to 1,000 tons",
176,GB,PORT SUNLIGHT,,,,,, 53 21 1 N ,-2 58 25 W,53.35,-2.9736111111111114,,,,,,,,,,,,,,,,,,,,,,,,,,,Yes,,,,,,,,,,,,,,,,,,
177,GB,PORT SUTTON BRIDGE,,,,,, 52 46 21 N ,0 11 59 E,52.766666666666666,0.18333333333333332,,,,,,,,,,,,,,,,,,,,,,,,,,,Yes,,,,,,,,,,,,,,,,,,
178,GB,PORT TALBOT, Associated British Ports ,"Puckey House The Docks, Port Talbot, West Glamorgan S A13 1 R B United Kingdom", 0870 609 6699 , 01792 633 355 ,, 51 35 6 N ,-3 48 42 W,51.583333333333336,-3.8116666666666665, Harbor , Small ,,142.0,,No,Yes, Small , Good , Over 500 feet in length , Coastal Breakwater ,Yes,,Yes,Yes,No,36 - 40 ft,46 - 50 ft,6,36 - 40 ft,26 - 30 ft,Yes,Yes,Yes,,,Yes,Yes,Yes,,Yes,Yes,Yes,Yes,Yes,Yes,Yes,Yes,Yes,Yes,Yes,Yes, Major ,,657 ft to 984 ft
179,GB,PORT WILLIAM,,,,,, 54 27 35 N ,-4 20 60 W,54.45,-4.35,,,,,,,,,,,,,,,,,,,,,,,,,,,Yes,,,,,,,,,,,,,,,,,,
180,GB,PRESTON,,,,,, 53 45 26 N ,-2 43 10 W,53.75,-2.7194444444444446,,,,,,,,,,,,,,,,,,,,,,,,,,,Yes,,,,,,,,,,,,,,,,,,
181,GB,PWLLHELI,,,,,, 52 31 48 N ,-4 15 0 W,52.516666666666666,-4.25,,,,,,,,,,,,,,,,,,,,,,,,,,,Yes,,,,,,,,,,,,,,,,,,
182,GB,RAMSGATE, Thanet District Council ,"The Harbour Office Military Road Ramsgate, Kent C T11 9 L Q United Kingdom", 1843 587661 , 1843 587661 , portoframsgate@thanet.gov.uk , 51 19 38 N ,1 24 56 E,51.31666666666667,1.4, Seaport , Small ,Yes,191.0,37028,No,Yes, Very Small , Good , Up to 500 feet in length , Coastal Breakwater ,,,Yes,,No, 6 - 10 feet 1.8 - 3 meters ,16 - 20 ft,5,11 - 15 ft,16 - 20 ft,Yes,Yes,Yes,No,,Yes,Yes,,,Yes,Yes,Yes,Yes,Yes,,Yes,Yes,Yes,,Yes,Yes, Limited ,Up to 200 tons,657 ft to 984 ft
183,GB,RICHBOROUGH,,,,,, 51 18 0 N ,1 20 58 E,51.3,1.3333333333333333,,,,,,,,,,,,,,,,,,,,,,,,,,,Yes,,,,,,,,,,,,,,,,,,
184,GB,ROTHERHAM,,,,,, 53 15 35 N ,-1 12 35 W,53.25,-1.2097222222222221,,,,,,,,,,,,,,,,,,,,,,,,,,,Yes,,,,,,,,,,,,,,,,,,
185,GB,ROTHES,,,,,, 57 18 36 N ,-3 7 47 W,57.3,-3.129722222222222,,,,,,,,,,,,,,,,,,,,,,,,,,,Yes,,,,,,,,,,,,,,,,,,
186,GB,ROYSTON,,,,,, 53 21 35 N ,-1 16 12 W,53.35,-1.27,,,,,,,,,,,,,,,,,,,,,,,,,,,Yes,,,,,,,,,,,,,,,,,,
187,GB,RUNCORN,,,,,, 53 20 36 N ,-2 43 55 W,53.333333333333336,-2.7319444444444447,,,,,,,,,,,,,,,,,,,,,,,,,,,Yes,,,,,,,,,,,,,,,,,,
188,GB,RYE,,,,,, 50 55 54 N ,0 46 27 E,50.916666666666664,0.7666666666666667,,,,,,,,,,,,,,,,,,,,,,,,,,,Yes,,,,,,,,,,,,,,,,,,
189,GB,SALT END,,,,,, 53 26 23 N ,-0 8 24 W,53.43333333333333,-0.13999999999999999,,,,,,,,,,,,,,,,,,,,,,,,,,,Yes,,,,,,,,,,,,,,,,,,
190,GB,SAUNDERSFOOT,,,,,, 51 25 12 N ,-4 25 47 W,51.416666666666664,-4.429722222222223,,,,,,,,,,,,,,,,,,,,,,,,,,,Yes,,,,,,,,,,,,,,,,,,
191,GB,SCALLOWAY, Sullom Voe Harbour Authority ,"Port Administration Building Sella Ness Sullom Voe, Shetland Z E2 9 Q R United Kingdom", 1806 242551 , 1806 242237 , ports@shetland.gov.uk , 60 8 9 N ,-1 17 44 W,60.13333333333333,-1.2955555555555553, Harbor , Small ,No,141.0,35071,No,Yes, Very Small , Good , Up to 500 feet in length , Coastal Natural ,,Yes,No,,No,21 - 25 ft,21 - 25 ft,1,31 - 35 ft,,No,Yes,Yes,No,,,Yes,,Yes,,,,,Yes,,Yes,Yes,Yes,,Yes,Yes, Limited ,Up to 200 tons,
192,GB,SCARBOROUGH, Scarborough Borough Council ,"Harbour Office Endeavour Wharf Whitby, North Yorkshire Y O21 1 D N United Kingdom", 44 01947 602354 , 44 01947 600380 , Bill.Estill@scarborough.gov.uk , 54 17 2 N ,-0 23 44 W,54.28333333333333,-0.3955555555555556, Harbor , Small ,Yes,192.0,35006,No,Yes, Very Small , Good , Up to 500 feet in length , Coastal Breakwater ,,Yes,Yes,,No, 6 - 10 feet 1.8 - 3 meters ,11 - 15 ft,5,26 - 30 ft,,Yes,Yes,Yes,No,,Yes,,,,,Yes,Yes,Yes,Yes,,Yes,Yes,Yes,,Yes,Yes, Emergency Only ,Up to 200 tons,
193,GB,SCRABSTER, Scrabster Harbour Trust ,"Harbour Office Scrabster, Caithness K W14 7 U J United Kingdom", 44 01847 892779 , 44 01847 892353 , harbour@scrabster.co.uk , 58 37 0 N ,-3 32 60 W,58.61666666666667,-3.55, Harbor , Small ,Yes,,,No,Yes, Small , Fair , Up to 500 feet in length , Coastal Breakwater ,,,Yes,Yes,No,11 - 15 ft,11 - 15 ft,9,26 - 30 ft,16 - 20 ft,No,Yes,No,No,,Yes,,,,Yes,Yes,Yes,Yes,Yes,,,Yes,Yes,Yes,Yes,Yes, Limited ,,
194,GB,SEAHAM, Victoria Group ,"Seaham Harbour Seaham, Co Durham S R7 7 N Z United Kingdom", 44 0 191 516 1700 , 44 0 191 516 1701 , info@seahamharbour.com , 54 50 4 N ,-1 19 42 W,54.833333333333336,-1.3283333333333334, Harbor , Small ,No,192.0,,No,Yes, Small , Good , Up to 500 feet in length , Coastal Tide Gate ,Yes,No,Yes,Yes,No, 6 - 10 feet 1.8 - 3 meters ,21 - 25 ft,4,26 - 30 ft,,No,Yes,Yes,,,Yes,Yes,,,,Yes,Yes,Yes,Yes,Yes,Yes,Yes,Yes,Yes,Yes,Yes, Moderate ,"201 to 1,000 tons",
195,GB,SELBY,,,,,, 53 46 59 N ,-1 3 39 W,53.766666666666666,-1.0608333333333333,,,,,,,,,,,,,,,,,,,,,,,,,,,Yes,,,,,,,,,,,,,,,,,,
196,GB,SHEERNESS, Mersey Docks and Harbour Company ,"Medway Ports Sheerness Docks Sheerness, Kent M E12 1 R S United Kingdom", 44 01795 596596 , 44 01795 660072 , descrampton@medwayports.com , 51 26 28 N ,0 45 49 E,51.43333333333333,0.75, Seaport , Medium ,Yes,192.0,,No,Yes, Very Small , Good , Over 500 feet in length , River Natural ,,,Yes,,No,16 - 20 ft,36 - 40 ft,4,46 - 50 ft,,Yes,Yes,Yes,,,Yes,,,,,,Yes,,,,Yes,,Yes,Yes,Yes,Yes, Moderate ,Up to 200 tons,Up to 656 ft
197,GB,SHEFFIELD,,,,,,- 15 55 59 S ,-5 40 0 W,-15.933055555555555,-5.666666666666667,,,,,,,,,,,,,,,,,,,,,,,,,,,Yes,,,,,,,,,,,,,,,,,,
198,GB,SHOREHAM, Shoreham Port Authority ,Harbour Office Albion Street Southwick B N42 4 E D United Kingdom, 44 01273 598100 , 44 01273 592492 , info@shoreham-port.co.uk , 50 49 59 N ,-0 15 0 W,50.81666666666667,-0.25, Harbor , Small ,Yes,,,No,Yes, Very Small , Good , Up to 500 feet in length , River Tide Gate ,Yes,,No,Yes,No, 6 - 10 feet 1.8 - 3 meters ,16 - 20 ft,6,16 - 20 ft,16 - 20 ft,Yes,Yes,Yes,No,,Yes,Yes,,,,,Yes,Yes,Yes,,,Yes,Yes,Yes,Yes,Yes, Limited ,"201 to 1,000 tons",Up to 656 ft
199,GB,SHOTTON,,,,,, 53 14 30 N ,-3 6 17 W,53.233333333333334,-3.104722222222222,,,,,,,,,,,,,,,,,,,,,,,,,,,Yes,,,,,,,,,,,,,,,,,,
200,GB,SILLOTH, Associated British Ports ,"Dock Office Silloth, Cumbria C A7 4 J Q United Kingdom", 01697 331358 , 01697 332709 , nridehalgh@abports.co.uk , 54 52 2 N ,-3 23 35 W,54.86666666666667,-3.3930555555555557, Harbor , Small ,Yes,142.0,36025,No,Yes, Small , Good , Up to 500 feet in length , Coastal Tide Gate ,,,Yes,Yes,Yes,11 - 15 ft,16 - 20 ft,4,21 - 25 ft,,Yes,Yes,No,No,,Yes,Yes,Yes,,,Yes,Yes,Yes,Yes,,,Yes,Yes,,Yes,Yes, Limited ,Up to 200 tons,
201,GB,SOUTHAMPTON, Associated British Ports ,Ocean Gate Atlantic Way Southampton S O14 3 Q N United Kingdom, 023 8048 8800 , 023 8033 6402 , dmorrison@abports.co.uk , 50 53 38 N ,-1 22 31 W,50.88333333333333,-1.3752777777777778, Seaport , Large ,Yes,191.0,,Yes,Yes, Large , Excellent , Over 500 feet in length , River Basin ,Yes,Yes,No,,No,26 - 30 ft,31 - 35 ft,5,41 - 45 ft,41 - 45 ft,Yes,Yes,Yes,,Yes,Yes,Yes,,Yes,Yes,Yes,Yes,Yes,Yes,Yes,Yes,Yes,Yes,Yes,Yes,Yes, Major ,"201 to 1,000 tons",985 ft and over
202,GB,SOUTH SHIELDS,,,,,, 55 0 21 N ,-1 25 49 W,55.0,-1.4302777777777778,,,,,,,,,,,,,,,,,,,,,,,,,,,Yes,,,,,,,,,,,,,,,,,,
203,GB,STOCKTON,,,,,, 37 57 0 N ,-121 19 0 W,37.95,-121.31666666666666,,,,,,,,,,,,,,,,,,,,,,,,,,,Yes,,,,,,,,,,,,,,,,,,
204,GB,STORNOWAY, Comhairle Nan Eilean Siar ,"Balivanich, Isle of Benbecula H S7 5 L A United Kingdom", 44 1870 602425 , 44 1870 602988 , harbourmaster@cne-siar.gov.uk , 58 12 0 N ,-6 22 0 W,58.2,-6.366666666666666, Harbor , Small ,Yes,,,No,Yes, Small , Good , Up to 500 feet in length , Coastal Natural ,,,No,,No,26 - 30 ft,11 - 15 ft,3,41 - 45 ft,21 - 25 ft,No,No,No,No,,,Yes,,,,,Yes,,No,,,Yes,Yes,Yes,Yes,Yes, Moderate ,"201 to 1,000 tons",
205,GB,STRANGFORD,,,,,, 54 21 54 N ,-5 34 41 W,54.35,-5.578055555555555,,,,,,,,,,,,,,,,,,,,,,,,,,,Yes,,,,,,,,,,,,,,,,,,
206,GB,STRANRAER, Dumfries and Galloway Council ,"Environment and Infrastructure Dunbae House, Church St Stranraer, Scotland D G9 7 J G United Kingdom", 44 1776 702151 , 44 1776 704420 ,, 54 54 20 N ,-5 1 44 W,54.9,-5.028888888888889, Harbor , Small ,Yes,141.0,35126,No,Yes, Very Small , Good ,less than 500 feet, Coastal Natural ,,Yes,No,,No,11 - 15 ft, 6 - 10 feet 1.8 - 3 meters ,2,11 - 15 ft,,No,Yes,No,No,,Yes,Yes,,,Yes,,Yes,Yes,Yes,,Yes,Yes,Yes,,Yes,Yes, Limited ,"201 to 1,000 tons",
207,GB,STRETFORD,,,,,, 53 16 12 N ,-2 11 24 W,53.266666666666666,-2.19,,,,,,,,,,,,,,,,,,,,,,,,,,,Yes,,,,,,,,,,,,,,,,,,
208,GB,STROMNESS,,,,,, 58 54 15 N ,-3 18 5 W,58.9,-3.301388888888889,,,Yes,141.0,35057,,Yes,Very Small,Good,less than 500 feet,Open Roadstead,,Yes,Yes,No,No,16 - 20 ft,21 - 25 ft,3,21 - 25 ft,,Yes,Yes,Yes,,,Yes,Yes,,,,,Yes,,Yes,,Yes,,Yes,,Yes,,Limited,,
209,GB,SUNDERLAND,,"Capstan House Greenwells Quay, South Docks Sunderland S R1 2 B U United Kingdom", 44 191 553 2100 , 44 191 553 2120 , info@portofsunderland.org.uk , 54 54 38 N ,-1 21 24 W,54.9,-1.3566666666666667, Seaport , Medium ,Yes,192.0,,No,Yes, Medium , Good , Over 500 feet in length , River Tide Gate ,Yes,,Yes,Yes,Yes,16 - 20 ft,16 - 20 ft,11,41 - 45 ft,26 - 30 ft,No,Yes,Yes,,,Yes,Yes,,,,Yes,Yes,Yes,Yes,,,Yes,Yes,Yes,Yes,Yes, Major ,"201 to 1,000 tons",Up to 656 ft
210,GB,SUTTON BRIDGE,,,,,, 52 27 35 N ,0 6 35 E,52.45,0.1,,,,,,,,,,,,,,,,,,,,,,,,,,,Yes,,,,,,,,,,,,,,,,,,
211,GB,SWANSEA, Associated British Ports ,"Harbour Office, Lock Head Kings Dock Swansea S A1 1 Q R United Kingdom", 0870 609 6699 , 01792 332 255 , jfitzgerald@abports.co.uk , 51 37 0 N ,-3 55 59 W,51.61666666666667,-3.9330555555555553, Seaport , Medium ,Yes,142.0,,No,Yes, Medium , Excellent , Over 500 feet in length , River Tide Gate ,Yes,,Yes,Yes,No,11 - 15 ft,31 - 35 ft,6,21 - 25 ft,31 - 35 ft,Yes,Yes,Yes,,Yes,Yes,Yes,,,Yes,Yes,Yes,Yes,Yes,Yes,Yes,Yes,Yes,Yes,Yes,Yes, Major ,"201 to 1,000 tons",657 ft to 984 ft
212,GB,TEESPORT, PD Ports ,17-27 Queen's Square Middlesbrough T S2 1 A H United Kingdom, 44 1642 877000 , 44 1642 877056 , Trevor.Meredith@pdports.co.uk , 54 35 59 N ,-1 9 57 W,54.583333333333336,-1.1658333333333333, Seaport , Medium ,Yes,192.0,,No,Yes, Large , Excellent , Over 500 feet in length , River Tide Gate ,Yes,,Yes,Yes,No,11 - 15 ft,26 - 30 ft,4,41 - 45 ft,21 - 25 ft,Yes,Yes,Yes,Yes,,Yes,Yes,,Yes,Yes,Yes,Yes,Yes,Yes,Yes,Yes,Yes,Yes,Yes,Yes,Yes, Major ,"201 to 1,000 tons",657 ft to 984 ft
213,GB,TEIGNMOUTH, Associated British Ports Holdings ,"Old Quay Teignmouth, Devon T Q14 8 E S United Kingdom", 01626 774 044 , 01626 776 240 , datkin@abports.co.uk , 50 33 2 N ,-3 29 48 W,50.55,-3.4966666666666666, Harbor , Small ,Yes,,,No,Yes, Very Small , Fair , Up to 500 feet in length , River Natural ,,,Yes,Yes,No, 6 - 10 feet 1.8 - 3 meters , 0 - 5 feet 0 - 1.5 meters ,4,21 - 25 ft,,Yes,Yes,Yes,No,,Yes,,,,Yes,Yes,Yes,Yes,Yes,,Yes,Yes,,,Yes,Yes, Limited ,,
214,GB,TETNEY TERMINAL,,,,,, 53 31 1 N ,0 4 58 E,53.516666666666666,0.06666666666666667,,,,,,,,,,,,,,,,,,,,,,,,,,,Yes,,,,,,,,,,,,,,,,,,
215,GB,THAMESPORT,,,,,, 51 25 59 N ,0 42 0 E,51.416666666666664,0.7,,,,192.0,,No,,Small,Good,over 500 feet,River Natural,,,Yes,,,36 - 40 ft,51 - 55 ft,6,46 - 51 ft,,Yes,Yes,Yes,,,Yes,Yes,,,Yes,Yes,,Yes,Yes,,Yes,,Yes,,Yes,,Limited,Up to 200 tons,
216,GB,THURSO,,,,,, 58 35 42 N ,-3 30 51 W,58.583333333333336,-3.5141666666666667,,,,,,,,,,,,,,,,,,,,,,,,,,,Yes,,,,,,,,,,,,,,,,,,
217,GB,TILBURY, The Port of Tilbury London Ltd. ,"Leslie Ford House Tilbury Freeport Tilbury, Essex R M18 7 E H United Kingdom", 44 1375 852200 , 44 1375 855106 , perry.glading@potll.com , 51 27 9 N ,0 22 3 E,51.45,0.36666666666666664, Seaport , Medium ,,192.0,37035,,,Small,Good,less than 500 feet,River Tide Gate,,,,Yes,,,31 - 35 ft,3,21 - 25 ft,,Yes,Yes,Yes,,,,,,,,Yes,Yes,Yes,,,Yes,Yes,Yes,,Yes,Yes,Limited,Up to 200 tons,
218,GB,TOBERMORY,,,,,, 56 22 48 N ,-6 2 60 W,56.36666666666667,-6.05,,,No,141.0,35097,No,,Very Small,Good,less than 500 feet,Coastal Natural,,,No,,Yes,66 - 70 ft,6 - 10 ft,4,76 - over ft,,No,Yes,,,,Yes,,,,,,,,,,,Yes,,,Yes,,Emergency only,,
219,GB,TORQUAY, Torbay Harbour Authority ,"Harbour Office Beacon Quay Torquay, Devon T Q1 2 B G United Kingdom", 44 1803 292429 , 44 1803 299257 ,, 50 27 36 N ,-3 30 45 W,50.45,-3.5125, Harbor , Small ,Yes,,,No,Yes, Very Small , Good , Up to 500 feet in length , Coastal Breakwater ,,,Yes,,No,16 - 20 ft,11 - 15 ft,5,31 - 35 ft,,Yes,Yes,Yes,,,Yes,,,,,,Yes,,Yes,,,Yes,Yes,,Yes,Yes, Limited ,,
220,GB,TRANENT,,,,,, 55 33 36 N ,-2 34 11 W,55.55,-2.569722222222222,,,,,,,,,,,,,,,,,,,,,,,,,,,Yes,,,,,,,,,,,,,,,,,,
221,GB,TRENT WHARVES,,,,,, 53 38 11 N ,-0 42 36 W,53.63333333333333,-0.71,,,,,,,,,,,,,,,,,,,,,,,,,,,Yes,,,,,,,,,,,,,,,,,,
222,GB,TROON, Associated British Ports ,"A B P Troon Port Office Troon, Scotland K A10 6 D X United Kingdom", 01292 281 687 , 01292 287 787 , scresswell@abports.co.uk , 55 32 25 N ,-4 39 50 W,55.53333333333333,-4.66388888888889, Harbor , Small ,Yes,141.0,36016,No,Yes, Small , Good , Up to 500 feet in length , River Basin ,,,Yes,Yes,No,16 - 20 ft,16 - 20 ft,3,16 - 20 ft,,No,Yes,Yes,,,Yes,Yes,,,Yes,Yes,Yes,Yes,,,Yes,Yes,Yes,Yes,Yes,Yes, Moderate ,Up to 200 tons,657 ft to 984 ft
223,GB,TRURO,,"Harbour Office, Town Quay Truro, Cornwall T R1 2 H J United Kingdom", +44 (0) 1872 272130 , +44 (0) 1872 225346 , info@portoftruro.co.uk , 50 15 0 N ,-5 1 59 W,50.25,-5.033055555555555, River Port , Small ,,,,,,,,,,,,,,,,,,,,,,,,,,,,,,,,,,,,,,,,,,,
224,GB,ULLAPOOL, Ullapool Harbour Trustees ,"Harbour Buildings Ullapool, Ross-shire I V26 2 U H United Kingdom", 44 1854 612091 , 44 1854 612678 , info@ullapool-harbour.demon.co.uk , 57 53 60 N ,-5 10 0 W,57.88333333333333,-5.166666666666667, Harbor , Small ,No,141.0,35078,No,Yes, Very Small , Good , Up to 500 feet in length , Coastal Natural ,,Yes,Yes,,No,21 - 25 ft,16 - 20 ft,4,71 - 75 ft,,No,Yes,No,No,,Yes,Yes,,,,,,,,,Yes,Yes,Yes,,Yes,Yes, Limited ,,
225,GB,WARRENPOINT, Warrenpoint Harbour Authority ,"Warrenpoint, N. Ireland B T34 3 J R United Kingdom", 44 028 417 73381 , 44 028 417 52875 , info@warrenpointharbour.co.uk , 54 5 59 N ,-6 15 1 W,54.083333333333336,-6.250277777777778, Harbor , Small ,,,,,,,,,,,,,,,,,,,,,,,,,,,,,,,,,,,,,,,,,,,
226,GB,WASHINGTON,,,,,, 54 32 24 N ,-1 18 36 W,54.53333333333333,-1.31,,,,,,,,,,,,,,,,,,,,,,,,,,,Yes,,,,,,,,,,,,,,,,,,
227,GB,WATCHET, Watchet Harbour Marina ,"Harbour Rd Watchet, Somerset T A23 0 A Q United Kingdom", 44 1984 631264 , 44 1984 634893 , Enquiries@watchet-harbour-marina.com , 51 10 59 N ,-3 19 59 W,51.166666666666664,-3.333055555555555, Harbor , Small ,Yes,,,No,, Very Small , Fair , Up to 500 feet in length , Coastal Breakwater ,,,Yes,,No, 6 - 10 feet 1.8 - 3 meters ,16 - 20 ft,7,21 - 25 ft,,Yes,Yes,No,No,,Yes,,,,,,Yes,Yes,Yes,,Yes,,Yes,,Yes,Yes, Limited ,,
228,GB,WELLS HARBOUR, Wells Harbour Commissioners ,"Harbour Office West Quay Wells-next-the-Sea, Norfolk N R23 1 A T United Kingdom", 44 01328 711646 , 44 01328 710623 , harbouoffice@wellsharbour.co.uk , 0 0 0 N ,0 0 0 E,0.0,0.0, River Port , Small ,,,,,,,,,,,,,,,,,,,,,,,,,,,,,,,,,,,,,,,,,,,
229,GB,WEMBLEY,,,,,, 51 19 47 N ,-0 10 12 W,51.31666666666667,-0.16999999999999998,,,,,,,,,,,,,,,,,,,,,,,,,,,Yes,,,,,,,,,,,,,,,,,,
230,GB,WEMYSS BAY,,,,,, 55 52 59 N ,-4 52 59 W,55.86666666666667,-4.883055555555556,,,,,,,,,,,,,,,,,,,,,,,,,,,Yes,,,,,,,,,,,,,,,,,,
231,GB,WESTON,,,,,, 52 3 36 N ,-1 4 48 W,52.05,-1.08,,,,,,,,,,,,,,,,,,,,,,,,,,,Yes,,,,,,,,,,,,,,,,,,
232,GB,WEYMOUTH, Weymouth and Portland Borough Council ,"Environmental Services Dept, Harbour Section North Quay Weymouth, Dorset D T4 8 T A United Kingdom", 44 1305 838423 , 44 1305 767927 , dstabler@weymouth.gov.uk , 50 37 1 N ,-2 27 9 W,50.61666666666667,-2.4525, Harbor , Small ,Yes,,,No,Yes, Small , Good , Up to 500 feet in length , Coastal Breakwater ,Yes,,Yes,Yes,No,11 - 15 ft,11 - 15 ft,5,31 - 35 ft,,Yes,Yes,Yes,No,Yes,Yes,,,Yes,Yes,Yes,Yes,Yes,Yes,,Yes,Yes,,,Yes,Yes, Limited ,Up to 200 tons,
233,GB,WHITBY, Scarborough Borough Council ,"Harbour Office Endeavour Wharf Whitby, North Yorkshire Y O21 1 D N United Kingdom", 44 01947 602354 , 44 01947 600380 , Bill.Estill@scarborough.gov.uk , 54 29 25 N ,-0 36 25 W,54.483333333333334,-0.6069444444444444, Harbor , Small ,Yes,192.0,35006,No,Yes, Small , Good ,less than 500 feet, Coastal Breakwater ,,,Yes,Yes,Yes, 6 - 10 feet 1.8 - 3 meters , 6 - 10 feet 1.8 - 3 meters ,4,41 - 45 ft,,No,Yes,No,No,,Yes,,,,Yes,Yes,Yes,,Yes,,Yes,Yes,Yes,Yes,Yes,Yes, Limited ,,
234,GB,WHITLAND,,,,,, 51 29 24 N ,-4 22 11 W,51.483333333333334,-4.369722222222221,,,,,,,,,,,,,,,,,,,,,,,,,,,Yes,,,,,,,,,,,,,,,,,,
235,GB,WHITSTABLE, Whitstable Harbour Board ,Whitstable Harbour Offices Whitstable C T5 1 A B United Kingdom, 44 1227 274 086 , 44 1227 265441 , mike.wier@canterbury.gov.uk , 51 21 9 N ,1 1 48 E,51.35,1.0166666666666666, Harbor , Small ,Yes,192.0,37040,No,Yes, Small , Fair ,, River Natural ,,,Yes,,No,11 - 15 ft,16 - 20 ft,15,11 - 15 ft,,Yes,Yes,Yes,,,Yes,,,,,,Yes,,Yes,,,Yes,Yes,,Yes,Yes, Limited ,Up to 200 tons,Up to 656 ft
236,GB,WICK,,,,,, 58 25 59 N ,-3 4 59 W,58.416666666666664,-3.0830555555555557,,,Yes,141.0,35055,Yes,Yes,Small,Fair,less than 500 feet,Coastal Breakwater,,Yes,Yes,Yes,Yes,51 - 55 ft,6 - 10 ft,3,31 - 35 ft,6 - 10 ft,Yes,Yes,,,,Yes,Yes,,,,,,,,,Yes,,Yes,Yes,Yes,,Limited,,
237,GB,WIDNES,,,,,, 53 12 35 N ,-2 26 24 W,53.2,-2.4400000000000004,,,,,,,,,,,,,,,,,,,,,,,,,,,Yes,,,,,,,,,,,,,,,,,,
238,GB,WIGAN,,,,,, 53 19 11 N ,-2 22 12 W,53.31666666666667,-2.37,,,,,,,,,,,,,,,,,,,,,,,,,,,Yes,,,,,,,,,,,,,,,,,,
239,GB,WISBECH, Fenland District Council ,"Harbour Office, Dock Cottage Crab Marsh Wisbech, Cambridgeshire P E13 3 J J United Kingdom", 44 1945 583568 , 44 1945 583568 ,, 52 30 0 N ,0 9 0 E,52.5,0.15, Harbor , Small ,,192.0,,,Yes,Small,Good,less than 500 feet,Lake or Canal,Yes,,,Yes,Yes,0 - 5 ft,11 - 15 ft,4,16 - 20 ft,,Yes,Yes,Yes,,,,Yes,,,,Yes,,,Yes,,,Yes,Yes,Yes,Yes,Yes,Limited,,
240,GB,WORKINGTON, Cumbria County Council ,"Dock Office Workington, Cumbria C A14 2 J H United Kingdom", 44 1900 602301 , 44 1900 604696 , workington.port@cumbriacc.gov.uk , 54 38 59 N ,-3 32 31 W,54.63333333333333,-3.5419444444444443, Seaport , Small ,Yes,142.0,36025,No,Yes, Very Small , Excellent , Up to 500 feet in length , River Tide Gate ,,Yes,Yes,Yes,No, 6 - 10 feet 1.8 - 3 meters ,16 - 20 ft,20,51 - 55 ft,26 - 30 ft,Yes,Yes,Yes,No,Yes,Yes,Yes,,,,Yes,Yes,Yes,Yes,,Yes,Yes,Yes,Yes,Yes,Yes, Moderate ,Up to 200 tons,
241,GB,WREXHAM,,,,,, 53 1 48 N ,-3 0 0 W,53.016666666666666,-3.0,,,,,,,,,,,,,,,,,,,,,,,,,,,Yes,,,,,,,,,,,,,,,,,,
242,GB,YARMOUTH,,,,,, 50 25 12 N ,-1 18 0 W,50.416666666666664,-1.3,,,,,,,,,,,,,,,,,,,,,,,,,,,Yes,,,,,,,,,,,,,,,,,,
243,GB,YORK,,,,,, 53 58 30 N ,-1 6 20 W,53.96666666666667,-1.1055555555555556,,,,,,,,,,,,,,,,,,,,,,,,,,,Yes,,,,,,,,,,,,,,,,,,
244,GB,CHATHAM DOCKS,,,,,,51 24 N,0 33 E,51.4,0.55,,,Yes,192.0,,No,Yes,Small,Good,less than 500 feet,RIVER BASIN,,,Yes,Yes,Yes,6 - 10 ft,26 - 30 ft,4,46 - 51 ft,,Yes,Yes,Yes,Yes,,Yes,,,,,Yes,Yes,Yes,Yes,,Yes,,,,Yes,,Limited,Up to 200 tons,985 ft and over
245,GB,GRAVESEND,,,,,,51 27 N,0 22 E,51.45,0.36666666666666664,,,Yes,192.0,37035,Yes,Yes,Small,Excellent,less than 500 feet,River Natural,,,Yes,,No,26 - 30 ft,21 - 25 ft,0,51 - 55 ft,,Yes,Yes,Yes,,,Yes,,,,,,Yes,Yes,,,Yes,Yes,Yes,Yes,Yes,Yes,Limited,Up to 200 tons,
246,GB,GREAT YARMOUTH,,,,,,52 37 N,1 44 E,52.61666666666667,1.7333333333333334,,,Yes,192.0,,No,Yes,Small,Excellent,less than 500 feet,River Natural,,,Yes,Yes,No,11 - 15 ft,11 - 15 ft,2,31 - 35 ft,11 - 15 ft,Yes,Yes,Yes,,,Yes,Yes,,,Yes,Yes,Yes,Yes,Yes,,Yes,Yes,Yes,Yes,Yes,Yes,Limited,Up to 200 tons,657 ft to 984 ft
247,GB,KING'S LYNN,,,,,,52 45 N,0 24 E,52.75,0.4,,,Yes,192.0,37059,No,Yes,Small,Excellent,less than 500 feet,River Tide Gate,,,Yes,Yes,No,6 - 10 ft,16 - 20 ft,4,16 - 20 ft,16 - 20 ft,Yes,Yes,Yes,,,Yes,Yes,,,,Yes,Yes,Yes,Yes,,,Yes,Yes,Yes,Yes,Yes,Limited,Up to 200 tons,
248,GB,KINGSTON UPON HULL,,,,,,53 45 N,-0 17 W,53.75,-0.2833333333333333,,,Yes,192.0,37062,No,Yes,Medium,Excellent,over 500 feet,River Tide Gate,,,Yes,Yes,No,16 - 20 ft,31 - 35 ft,6,16 - 20 ft,31 - 35 ft,Yes,Yes,Yes,No,,Yes,Yes,,Yes,,Yes,Yes,Yes,Yes,Yes,,Yes,Yes,Yes,Yes,Yes,Major,,657 ft to 984 ft
249,GB,HARTLEPOOL,,,,,,54 42 N,-1 11 W,54.7,-1.1833333333333333,,,No,192.0,,No,Yes,Small,Good,over 500 feet,Coastal Tide Gate,,,No,Yes,No,51 - 55 ft,21 - 25 ft,3,26 - 30 ft,21 - 25 ft,Yes,Yes,Yes,No,,Yes,Yes,,,Yes,Yes,Yes,Yes,Yes,,,Yes,Yes,,Yes,Yes,Limited,,657 ft to 984 ft
250,GB,TYNEMOUTH,,,,,,55 0 N,-1 24 W,55.0,-1.4,,,Yes,192.0,,No,Yes,Medium,Excellent,over 500 feet,River Tide Gate,,,No,Yes,No,26 - 30 ft,21 - 25 ft,3,41 - 45 ft,16 - 20 ft,Yes,Yes,Yes,,,Yes,Yes,,Yes,,Yes,Yes,Yes,Yes,Yes,Yes,Yes,Yes,Yes,Yes,Yes,Major,Up to 200 tons,985 ft and over
251,GB,WARKWORTH HARBOUR,,,,,,55 20 N,-1 35 W,55.333333333333336,-1.5833333333333335,,,,192.0,,,,Very Small,Fair,,River Natural,,,Yes,Yes,,6 - 10 ft,6 - 10 ft,0,26 - 30 ft,,,Yes,,,,Yes,,,,,,,,,,,Yes,,,,,Limited,Up to 200 tons,
252,GB,EYEMOUTH,,,,,,55 52 N,-2 5 W,55.86666666666667,-2.0833333333333335,,,Yes,192.0,35010,No,,Very Small,Good,,River Natural,,,Yes,,No,16 - 20 ft,6 - 10 ft,13,11 - 15 ft,,No,No,,,,Yes,,,,,,,,,,,Yes,Yes,,Yes,Yes,Emergency only,,
253,GB,GRANTON,,,,,,55 59 N,-3 13 W,55.983333333333334,-3.216666666666667,,,Yes,192.0,35037,No,Yes,Very Small,Good,less than 500 feet,Coastal Breakwater,,Yes,Yes,,No,31 - 35 ft,16 - 20 ft,3,31 - 35 ft,36 - 40 ft,No,Yes,Yes,,,Yes,Yes,,,,,Yes,,Yes,,,,Yes,,Yes,Yes,Limited,,Up to 656 ft
254,GB,BRAEFOOT BAY TERMINAL,,,,,,56 2 N,-3 19 W,56.03333333333333,-3.3166666666666664,,,,192.0,35048,,Yes,Small,Fair,less than 500 feet,Open Roadstead,,,,,,31 - 35 ft,,4,,36 - 40 ft,Yes,,Yes,,,Yes,,,,,,,,,,,,,,Yes,,,Up to 200 tons,
255,GB,HOUND POINT TERMINAL,,,,,,56 0 N,-3 22 W,56.0,-3.3666666666666667,,,,192.0,35048,,Yes,Small,Poor,over 500 feet,Open Roadstead,Yes,Yes,,Yes,,61 - 65 ft,,4,41 - 45 ft,71 - 75 ft,Yes,Yes,Yes,Yes,Yes,Yes,,,,,,,,,,,Yes,No,,No,No,Limited,Up to 200 tons,
256,GB,ROSYTH,,,,,,56 1 N,-3 26 W,56.016666666666666,-3.4333333333333336,,,Yes,192.0,35048,No,Yes,Small,Excellent,less than 500 feet,River Tide Gate,,,Yes,Yes,No,26 - 30 ft,16 - 20 ft,5,41 - 45 ft,,Yes,,Yes,,Yes,Yes,Yes,,,Yes,Yes,,Yes,Yes,,Yes,,,Yes,Yes,Yes,Limited,,985 ft and over
257,GB,METHIL,,,,,,56 11 N,-3 0 W,56.18333333333333,-3.0,,,No,192.0,35035,No,Yes,Small,Good,less than 500 feet,Coastal Tide Gate,,No,Yes,Yes,No,6 - 10 ft,16 - 20 ft,3,36 - 40 ft,,No,Yes,Yes,,,Yes,Yes,,,,,Yes,,Yes,,,,Yes,,Yes,Yes,Limited,Up to 200 tons,
258,GB,CROMARTY,,,,,,57 41 N,-4 2 W,57.68333333333333,-4.033333333333333,,,Yes,141.0,,No,Yes,Small,Good,less than 500 feet,Coastal Breakwater,,No,Yes,Yes,No,46 - 51 ft,26 - 30 ft,4,26 - 30 ft,56 - 60 ft,Yes,Yes,Yes,Yes,,,,,Yes,Yes,Yes,Yes,,Yes,,Yes,Yes,Yes,,Yes,,Limited,,985 ft and over
259,GB,INVERGORDON,,,,,,57 41 N,-4 10 W,57.68333333333333,-4.166666666666667,,,Yes,141.0,35055,No,Yes,Small,Fair,over 500 feet,Open Roadstead,,No,Yes,,No,46 - 51 ft,36 - 40 ft,4,66 - 70 ft,46 - 51 ft,Yes,Yes,Yes,Yes,,Yes,Yes,,Yes,Yes,Yes,Yes,,Yes,,Yes,Yes,Yes,,Yes,Yes,Limited,,
260,GB,PORTMAHOMACK HARBOR,,,,,,57 50 N,-3 50 W,57.833333333333336,-3.8333333333333335,,,Yes,141.0,,No,,Small,Good,,Coastal Breakwater,,,Yes,,No,6 - 10 ft,6 - 10 ft,8,16 - 20 ft,,Yes,Yes,,,,,,,,,,,,,,,Yes,,,,,Emergency only,,
261,GB,HELMSDALE HARBOR,,,,,,58 7 N,-3 39 W,58.11666666666667,-3.65,,,Yes,141.0,,No,,Small,Fair,less than 500 feet,Coastal Breakwater,,,Yes,Yes,No,6 - 10 ft,6 - 10 ft,8,6 - 10 ft,,,,,,,Yes,,,,,,,,,,,Yes,,,Yes,,Emergency only,,
262,GB,PIEROWALL,,,,,,59 18 N,-2 59 W,59.3,-2.9833333333333334,,,,141.0,35057,,,Small,Good,,Coastal Natural,,Yes,Yes,,No,11 - 15 ft,6 - 10 ft,7,21 - 25 ft,,,,,,,,Yes,,,,,,,,,,Yes,,,,,Emergency only,,
263,GB,KETTLETOFT,,,,,,59 14 N,-2 36 W,59.233333333333334,-2.6,,,,141.0,,,,Very Small,Poor,,Coastal Natural,,,Yes,,No,0 - 5 ft,6 - 10 ft,7,6 - 10 ft,,,,,,,,Yes,,,,,,,,,,,,,,,Emergency only,,
264,GB,WHITEHALL,,,,,,59 8 N,-2 36 W,59.13333333333333,-2.6,,,,141.0,,,,Very Small,Poor,,Coastal Natural,,,Yes,,No,11 - 15 ft,6 - 10 ft,7,6 - 10 ft,,,,,,,,Yes,,,,,,,,,,,,,,,Emergency only,,
265,GB,SOUTH NESS,,,,,,58 48 N,-3 12 W,58.8,-3.2,,,,141.0,,,,Very Small,Fair,,Coastal Natural,,,,,No,11 - 15 ft,11 - 15 ft,7,21 - 25 ft,,,,,,,,Yes,,,,,,,,,,Yes,,,Yes,,Emergency only,,
266,GB,ST MARGARETS HOPE,,,,,,58 50 N,-2 57 W,58.833333333333336,-2.95,,,No,141.0,,No,,Very Small,Good,,Coastal Natural,,,Yes,,Yes,6 - 10 ft,6 - 10 ft,7,16 - 20 ft,,,,,,,,,,,,,,,,,,Yes,,,,,Limited,,
267,GB,LYNESS,,,,,,58 50 N,-3 12 W,58.833333333333336,-3.2,,,,141.0,35057,,Yes,Medium,Fair,,Coastal Natural,,,Yes,Yes,No,41 - 45 ft,26 - 30 ft,3,36 - 40 ft,66 - 70 ft,Yes,Yes,Yes,,,,Yes,Yes,,,,,,,,,,Yes,,Yes,Yes,Limited,,
268,GB,SCAPA BAY,,,,,,58 57 N,-2 59 W,58.95,-2.9833333333333334,,,Yes,141.0,35057,No,No,Small,Good,over 500 feet,Coastal Natural,,Yes,Yes,,Yes,46 - 51 ft,6 - 10 ft,3,46 - 51 ft,46 - 51 ft,Yes,Yes,Yes,,Yes,,Yes,,,,,,,,,,,Yes,,Yes,Yes,Limited,,
269,GB,SULLOM VOE,,,,,,60 28 N,-1 18 W,60.46666666666667,-1.3,,,Yes,141.0,35071,No,,Small,Good,over 500 feet,Coastal Natural,Yes,,Yes,,No,51 - 55 ft,11 - 15 ft,1,,71 - 75 ft,Yes,Yes,Yes,,Yes,,Yes,,,,,,No,No,No,,Yes,Yes,Yes,,Yes,Limited,,
270,GB,AULTBEA,,,,,,57 50 N,-5 35 W,57.833333333333336,-5.583333333333333,,,No,141.0,35091,No,,Very Small,Poor,,Open Roadstead,,,Yes,,No,31 - 35 ft,11 - 15 ft,11,41 - 45 ft,,,Yes,,,,,,,,,,,,No,,,Yes,,,Yes,,Emergency only,,
271,GB,GAIRLOCH,,,,,,57 43 N,-5 41 W,57.71666666666667,-5.683333333333334,,,No,141.0,35090,No,,Very Small,Fair,less than 500 feet,River Natural,,Yes,No,,No,,16 - 20 ft,0,76 - over ft,,,,,,,,,,,,,,,No,,,Yes,,,Yes,Yes,Emergency only,,
272,GB,PLOCKTON,,,,,,57 20 N,-5 39 W,57.333333333333336,-5.65,,,,141.0,35094,,,Very Small,Fair,less than 500 feet,Coastal Natural,,Yes,,,,16 - 20 ft,,0,11 - 15 ft,,,Yes,,,,Yes,,,,,,,,,,,Yes,,,Yes,,Emergency only,Up to 200 tons,
273,GB,KYLEAKIN,,,,,,57 16 N,-5 44 W,57.266666666666666,-5.733333333333333,,,No,141.0,35095,No,,Very Small,Fair,,Coastal Natural,,,Yes,,No,31 - 35 ft,6 - 10 ft,3,36 - 40 ft,,,,,,,,,,,,,,,,,,Yes,,,,,Emergency only,,
274,GB,BROADFORD BAY,,,,,,57 15 N,-5 53 W,57.25,-5.883333333333333,,,No,141.0,35094,No,,Very Small,Poor,,Coastal Natural,,Yes,No,,No,41 - 45 ft,11 - 15 ft,13,31 - 35 ft,,,,,,,,,,,,,,,No,,,Yes,,,,,Emergency only,,
275,GB,PORTREE HARBOR,,,,,,57 25 N,-6 12 W,57.416666666666664,-6.2,,,No,141.0,35094,No,Yes,Very Small,Fair,less than 500 feet,Coastal Natural,,Yes,No,Yes,Yes,21 - 25 ft,11 - 15 ft,4,76 - over ft,,,Yes,No,No,,Yes,,,,,,,,No,,No,Yes,Yes,,Yes,Yes,Limited,Up to 200 tons,
276,GB,UIG,,,,,,57 35 N,-6 21 W,57.583333333333336,-6.35,,,No,141.0,35090,No,Yes,Very Small,Good,,Coastal Natural,,Yes,No,,No,41 - 45 ft,16 - 20 ft,12,26 - 30 ft,,,,,,,,Yes,,,,,,,No,,,Yes,Yes,,Yes,,Emergency only,,
277,GB,TARBERT,,,,,,57 54 N,-6 49 W,57.9,-6.816666666666666,,,No,141.0,35092,No,Yes,Very Small,Fair,less than 500 feet,Coastal Natural,,Yes,No,,No,31 - 35 ft,21 - 25 ft,2,56 - 60 ft,,No,Yes,Yes,,,,Yes,Yes,,,,,,Yes,,,Yes,Yes,,Yes,Yes,Limited,Up to 200 tons,
278,GB,ORNSAY,,,,,,57 9 N,-5 48 W,57.15,-5.8,,,No,141.0,35089,No,,Very Small,Fair,less than 500 feet,Coastal Natural,,,No,,No,41 - 45 ft,6 - 10 ft,0,46 - 51 ft,,,,,,,,,,,,,,,No,,,Yes,,,Yes,,Emergency only,,
279,GB,CRAIGNURE,,,,,,56 28 N,-5 42 W,56.46666666666667,-5.7,,,No,141.0,35097,No,,Very Small,Fair,,Coastal Natural,,,No,,No,41 - 45 ft,16 - 20 ft,0,26 - 30 ft,,,,,,,,,,,,,,,,,,Yes,,,,,Emergency only,,
280,GB,FORT WILLIAM,,,,,,56 49 N,-5 7 W,56.81666666666667,-5.116666666666666,,,,141.0,,,,Very Small,Fair,less than 500 feet,RIVER BASIN,Yes,No,Yes,,Yes,36 - 40 ft,36 - 40 ft,4,46 - 51 ft,,,,,,,,Yes,,,,,,,,,,Yes,,,Yes,,,,
281,GB,OBAN,,,,,,56 25 N,-5 28 W,56.416666666666664,-5.466666666666667,,,No,141.0,,No,Yes,Small,Excellent,,Coastal Natural,,No,No,,No,41 - 45 ft,11 - 15 ft,3,36 - 40 ft,,,Yes,,,,Yes,Yes,,,,,Yes,,Yes,,Yes,Yes,Yes,Yes,Yes,Yes,Moderate,"201 to 1,000 tons",
282,GB,CRINAN (CANAL),,,,,,56 5 N,-5 34 W,56.083333333333336,-5.566666666666666,,,Yes,141.0,35109,No,Yes,Very Small,Good,less than 500 feet,Lake or Canal,,,No,Yes,No,6 - 10 ft,6 - 10 ft,3,11 - 15 ft,,No,Yes,No,No,,,,,,,,,,,,,Yes,Yes,,,,Limited,,
283,GB,CAMPBELTOWN,,,,,,55 26 N,-5 36 W,55.43333333333333,-5.6,,,No,141.0,36014,No,Yes,Small,Good,less than 500 feet,Coastal Natural,,Yes,No,No,No,16 - 20 ft,16 - 20 ft,3,31 - 35 ft,,No,Yes,Yes,,,,Yes,,,,,,,,,Yes,,Yes,Yes,Yes,Yes,Limited,,
284,GB,LAMLASH HARBOR,,,,,,55 32 N,-5 7 W,55.53333333333333,-5.116666666666666,,,No,141.0,36016,No,Yes,Very Small,Fair,over 500 feet,Open Roadstead,Yes,Yes,No,,No,76 - over ft,,8,76 - over ft,,No,No,,,,,,,,,,,,,,,,,,,,Emergency only,,
285,GB,ROTHESAY HARBOR,,,,,,55 50 N,-5 3 W,55.833333333333336,-5.05,,,,141.0,36022,,Yes,Very Small,Good,,Coastal Breakwater,,Yes,No,,No,41 - 45 ft,6 - 10 ft,3,46 - 51 ft,,No,Yes,No,No,,,,,,,,Yes,,Yes,,,Yes,Yes,,Yes,Yes,Limited,,
286,GB,FINNART OIL TERMINAL,,,,,,56 7 N,-4 50 W,56.11666666666667,-4.833333333333333,,,Yes,141.0,36030,No,,Small,Good,over 500 feet,River Natural,,,Yes,,No,76 - over ft,,3,76 - over ft,76 - over ft,Yes,Yes,,,,,Yes,,,,,,,,,Yes,,Yes,,Yes,Yes,Emergency only,Up to 200 tons,
287,GB,BOWLING,,,,,,55 56 N,-4 29 W,55.93333333333333,-4.483333333333333,,,Yes,141.0,36019,No,Yes,Very Small,Good,less than 500 feet,River Natural,,,No,,No,21 - 25 ft,,3,,26 - 30 ft,Yes,Yes,Yes,,,Yes,Yes,,Yes,,,Yes,Yes,Yes,,,,Yes,,Yes,Yes,Limited,Up to 200 tons,
288,GB,OLD KILPATRICK,,,,,,55 55 N,-4 28 W,55.916666666666664,-4.466666666666667,,,,141.0,36019,,Yes,Very Small,Fair,,River Natural,,,No,Yes,No,21 - 25 ft,,3,,21 - 25 ft,Yes,,Yes,,,Yes,,,,,,,,,,Yes,,Yes,,Yes,,Emergency only,Up to 200 tons,
289,GB,ROTHESAY DOCK,,,,,,55 54 N,-4 24 W,55.9,-4.4,,,Yes,141.0,36019,No,,Very Small,Fair,,River Natural,,,No,Yes,No,21 - 25 ft,16 - 20 ft,3,,,Yes,Yes,,,,Yes,,,,,,Yes,Yes,,,,,,,,,Emergency only,Up to 200 tons,
290,GB,RENFREW,,,,,,55 53 N,-4 23 W,55.88333333333333,-4.383333333333334,,,Yes,141.0,36019,No,,Very Small,Good,less than 500 feet,RIVER BASIN,,,No,Yes,No,21 - 25 ft,6 - 10 ft,3,,,Yes,Yes,,,,Yes,,,,,,,,,,,,,Yes,,,Moderate,Up to 200 tons,
291,GB,GLASGOW,,,,,,55 52 N,-4 17 W,55.86666666666667,-4.283333333333333,,,Yes,141.0,36019,No,Yes,Medium,Excellent,over 500 feet,River Tide Gate,Yes,,Yes,Yes,No,21 - 25 ft,26 - 30 ft,3,36 - 40 ft,16 - 20 ft,Yes,Yes,Yes,Yes,,Yes,Yes,Yes,,Yes,Yes,Yes,Yes,Yes,Yes,Yes,,Yes,Yes,Yes,Yes,Moderate,"201 to 1,000 tons",985 ft and over
292,GB,MILLPORT,,,,,,55 45 N,-4 55 W,55.75,-4.916666666666667,,,Yes,141.0,36022,No,Yes,Small,Fair,,Coastal Natural,,,No,,No,6 - 10 ft,6 - 10 ft,8,36 - 40 ft,,,,No,No,,,,,,,,,,,,Yes,Yes,No,No,Yes,No,,,
293,GB,ARDROSSAN,,,,,,55 39 N,-4 49 W,55.65,-4.816666666666666,,,Yes,141.0,36024,No,Yes,Small,Fair,less than 500 feet,Coastal Breakwater,Yes,,No,,No,16 - 20 ft,16 - 20 ft,3,71 - 75 ft,,Yes,Yes,Yes,,Yes,Yes,Yes,,,,Yes,Yes,Yes,,,Yes,Yes,Yes,,Yes,Yes,Limited,Up to 200 tons,Up to 656 ft
294,GB,BANGOR,,,,,,54 39 N,-5 40 W,54.65,-5.666666666666667,,,No,141.0,36025,No,Yes,Very Small,Fair,less than 500 feet,RIVER BASIN,,Yes,Yes,No,No,16 - 20 ft,6 - 10 ft,3,26 - 30 ft,,No,Yes,No,No,,Yes,,,,,,Yes,,Yes,,No,Yes,Yes,,Yes,Yes,Limited,Up to 200 tons,
295,GB,WARREN POINT,,,,,,54 6 N,-6 15 W,54.1,-6.25,,,,142.0,36006,No,Yes,Very Small,Poor,less than 500 feet,Coastal Natural,,Yes,,,,16 - 20 ft,,3,21 - 25 ft,,Yes,Yes,Yes,,,Yes,Yes,,,,Yes,,Yes,Yes,,Yes,,Yes,Yes,Yes,Yes,Moderate,Up to 200 tons,
296,GB,BARROW IN FURNESS,,,,,,54 7 N,-3 14 W,54.11666666666667,-3.2333333333333334,,,Yes,142.0,36025,No,Yes,Medium,Good,less than 500 feet,Coastal Tide Gate,,,Yes,Yes,No,31 - 35 ft,21 - 25 ft,6,31 - 35 ft,21 - 25 ft,Yes,Yes,Yes,,,Yes,Yes,,Yes,Yes,Yes,Yes,Yes,Yes,Yes,Yes,Yes,Yes,Yes,Yes,Yes,Major,Up to 200 tons,657 ft to 984 ft
297,GB,HEYSHAM,,,,,,54 2 N,-2 55 W,54.03333333333333,-2.9166666666666665,,,Yes,142.0,36025,No,Yes,Very Small,Excellent,less than 500 feet,Coastal Breakwater,,,Yes,,No,36 - 40 ft,16 - 20 ft,9,36 - 40 ft,11 - 15 ft,Yes,Yes,No,No,,Yes,Yes,,,,Yes,Yes,Yes,Yes,,Yes,Yes,Yes,,Yes,Yes,Limited,,
298,GB,GARLSTON,,,,,,53 21 N,-2 54 W,53.35,-2.9,,,,142.0,36025,No,Yes,Very Small,Fair,less than 500 feet,River Tide Gate,,,Yes,Yes,,21 - 25 ft,16 - 20 ft,8,21 - 25 ft,,Yes,Yes,Yes,,,Yes,Yes,,,,,,Yes,Yes,,,,Yes,Yes,Yes,Yes,Limited,"over 1,000 tons",
299,GB,LIVERPOOL BAY TERMINAL,,,,,,53 32 N,-3 33 W,53.53333333333333,-3.55,,,Yes,,36025,No,Yes,Very Small,Poor,less than 500 feet,Open Roadstead,Yes,,,,,,,8,,76 - over ft,Yes,Yes,Yes,,,,,Yes,,,,,,,,,No,No,,No,,Limited,,
300,GB,CAERNARVON,,,,,,53 9 N,-4 16 W,53.15,-4.266666666666667,,,No,142.0,36025,Yes,Yes,Small,Good,,RIVER BASIN,,,Yes,Yes,No,0 - 5 ft,11 - 15 ft,5,16 - 20 ft,11 - 15 ft,Yes,Yes,,No,,Yes,,,,,,Yes,Yes,,,,Yes,,,Yes,Yes,Limited,Up to 200 tons,
301,GB,MILFORD HAVEN,,,,,,51 43 N,-5 2 W,51.71666666666667,-5.033333333333333,,,Yes,142.0,36036,No,Yes,Medium,Fair,over 500 feet,River Natural,Yes,,Yes,No,Yes,31 - 35 ft,,4,31 - 35 ft,16 - 20 ft,Yes,Yes,,,,Yes,Yes,No,,,Yes,Yes,,Yes,,,Yes,Yes,Yes,Yes,Yes,Major,,Up to 656 ft
302,GB,NEATH,,,,,,51 38 N,-3 50 W,51.63333333333333,-3.8333333333333335,,,,142.0,,,Yes,Very Small,Good,,Coastal Natural,,,Yes,Yes,No,11 - 15 ft,16 - 20 ft,6,61 - 65 ft,16 - 20 ft,Yes,Yes,Yes,No,,Yes,Yes,,,,,,,,,,Yes,Yes,,Yes,Yes,None,,
303,GB,BARRY,,,,,,51 24 N,-3 16 W,51.4,-3.2666666666666666,,,No,142.0,,Yes,Yes,Medium,Excellent,less than 500 feet,Coastal Tide Gate,,,No,Yes,No,6 - 10 ft,26 - 30 ft,10,31 - 35 ft,26 - 30 ft,Yes,Yes,Yes,,Yes,Yes,Yes,,,Yes,Yes,Yes,Yes,Yes,Yes,Yes,,Yes,Yes,Yes,Yes,Major,,
304,GB,NEWPORT,,,,,,51 33 N,-2 59 W,51.55,-2.9833333333333334,,,Yes,142.0,36042,,Yes,Medium,Excellent,over 500 feet,River Tide Gate,,,Yes,Yes,No,31 - 35 ft,21 - 25 ft,29,56 - 60 ft,,No,Yes,Yes,,Yes,Yes,Yes,,,,Yes,Yes,Yes,Yes,,Yes,,Yes,Yes,Yes,Yes,Major,,657 ft to 984 ft
305,GB,SHARPNESS,,,,,,51 43 N,-2 29 W,51.71666666666667,-2.4833333333333334,,,,142.0,,No,Yes,Small,Good,over 500 feet,Lake or Canal,Yes,Yes,Yes,Yes,Yes,6 - 10 ft,21 - 25 ft,5,21 - 25 ft,,Yes,Yes,No,No,,Yes,Yes,,,,,Yes,Yes,Yes,Yes,Yes,,Yes,Yes,Yes,Yes,Moderate,,Up to 656 ft
306,GB,HAYLE,,,,,,50 11 N,-5 25 W,50.18333333333333,-5.416666666666667,,,Yes,142.0,,No,,Very Small,Good,less than 500 feet,RIVER BASIN,,,Yes,,No,6 - 10 ft,6 - 10 ft,15,41 - 45 ft,,Yes,,No,No,,Yes,,,,,,Yes,Yes,Yes,,,Yes,Yes,Yes,Yes,,Limited,Up to 200 tons,
307,GB,ST. MARY'S (SCILLY ISL.),,,,,,49 55 N,-6 19 W,49.916666666666664,-6.316666666666666,,,,191.0,36049,,Yes,Small,Good,less than 500 feet,Coastal Breakwater,,,Yes,Yes,No,36 - 40 ft,16 - 20 ft,5,16 - 20 ft,,Yes,Yes,No,No,,Yes,,,,,,,,,,,,,,Yes,,Limited,Up to 200 tons,
308,GB,FOWEY HARBOUR,,,,,,50 20 N,-4 38 W,50.333333333333336,-4.633333333333333,,,Yes,191.0,37003,No,Yes,Small,Excellent,less than 500 feet,River Natural,Yes,Yes,Yes,Yes,No,41 - 45 ft,26 - 30 ft,6,46 - 51 ft,,Yes,Yes,Yes,,,Yes,Yes,,,,,Yes,,Yes,,Yes,,Yes,Yes,Yes,,Limited,"201 to 1,000 tons",
309,GB,DARTMOUTH HARBOUR,,,,,,50 21 N,-3 37 W,50.35,-3.6166666666666667,,,Yes,191.0,,No,Yes,Small,Excellent,less than 500 feet,River Natural,,,No,No,No,21 - 25 ft,21 - 25 ft,4,31 - 35 ft,,Yes,,Yes,No,Yes,Yes,,,,,,Yes,,Yes,,,Yes,Yes,Yes,Yes,Yes,Moderate,,Up to 656 ft
310,GB,BRIXHAM HARBOUR,,,,,,50 24 N,-3 31 W,50.4,-3.5166666666666666,,,Yes,191.0,37007,No,Yes,Very Small,Good,less than 500 feet,Coastal Breakwater,,,No,,No,11 - 15 ft,6 - 10 ft,4,76 - over ft,,Yes,Yes,No,No,,Yes,,,,,,Yes,,Yes,,,Yes,,,Yes,Yes,Limited,Up to 200 tons,
311,GB,BRIDPORT HARBOUR,,,,,,50 43 N,-2 46 W,50.71666666666667,-2.7666666666666666,,,Yes,191.0,,No,Yes,Very Small,Poor,less than 500 feet,Coastal Breakwater,,Yes,Yes,,No,0 - 5 ft,6 - 10 ft,4,36 - 40 ft,,Yes,Yes,No,No,,Yes,,,,,,Yes,,Yes,,Yes,,Yes,,Yes,Yes,Limited,Up to 200 tons,
312,GB,FAWLEY MARINE TERMINAL,,,,,,50 49 N,-1 20 W,50.81666666666667,-1.3333333333333333,,,,191.0,37020,,Yes,Small,Fair,over 500 feet,River Natural,Yes,,,,,41 - 45 ft,,5,71 - 75 ft,46 - 51 ft,Yes,,Yes,Yes,,Yes,Yes,,,,,,,,,Yes,,Yes,,Yes,Yes,Limited,Up to 200 tons,
313,GB,PORTSMOUTH HARBOUR,,,,,,50 48 N,-1 6 W,50.8,-1.1,,,Yes,191.0,,Yes,Yes,Medium,Excellent,less than 500 feet,Coastal Tide Gate,Yes,,Yes,No,No,31 - 35 ft,36 - 40 ft,3,76 - over ft,26 - 30 ft,Yes,Yes,Yes,,,Yes,Yes,,,Yes,Yes,Yes,Yes,Yes,,Yes,Yes,Yes,,Yes,Yes,Major,"201 to 1,000 tons",985 ft and over
314,GB,NEWHAVEN HARBOUR,,,,,,50 47 N,0 3 E,50.78333333333333,0.05,,,Yes,191.0,,No,Yes,Very Small,Good,over 500 feet,River Natural,,Yes,Yes,Yes,No,16 - 20 ft,26 - 30 ft,6,46 - 51 ft,,Yes,,Yes,No,,Yes,,,,,,Yes,Yes,Yes,,Yes,,Yes,Yes,Yes,Yes,Limited,,
