, Port Name, Port Authority, Address, Phone, Fax, 800 Number, Email, Latitude, Longitude, UN/LOCODE, Port Type, Port Size, Max Draft, First Port of Entry, ETA Message Required, Publication, Chart, USA Representative, Medical Facilities, Harbor Size, Shelter, Maximum Vessel Size, Harbor Type, Turning Area, Good Holding Ground, Tide, Overhead Limit, Swell, Other, Channel, Cargo Pier, Mean Tide, Anchorage, Oil Terminal, Compulsory, Available, Advisable, Local Assist, Assist, Salvage, Pratique, Other, Deratt Cert, Telephone, Radio, Air, Telegraph, Radio Tel, Rail, Wharves, Med Moor, Ice, Anchor, Beach, 100+ Ton Lifts, 50-100 Ton Lifts, 25-49 Ton Lifts, 0-24 Ton Lifts, Fixed Cranes, Mobile Cranes, Floating Cranes, Longshore, Electrical Repair, Steam, Electrical, Navigation Equipment, Provisions, Fuel Oil, Deck, Water, Diesel Oil, Engine, Ship Repairs, Marine Railroad Size, Degauss, Drydock Size, Garbage Disposal, Dirty Ballast
0,Ba Ngoi,  ,  ,  ,  ,  ,  , 11º 55' 7'' N , 109º 8' 0'' E ,  ,  ,  ,  m ,  ,  ,  ,  ,  ,  ,  ,  ,  ,  ,  ,  ,  ,  ,  ,  ,  ,  ,  ,  ,  ,  ,  ,  ,  ,  ,  ,  ,  ,  ,  ,  ,  ,  ,  , 1 ,  ,  ,  ,  ,  ,  ,  ,  ,  ,  ,  ,  ,  ,  ,  ,  ,  ,  ,  ,  ,  ,  ,  ,  ,  ,  ,  ,  ,  
1,Binh Duong Port,  ,  ,  ,  ,  ,  , 10º 53' 58'' N , 106º 50' 18'' E ,  ,  ,  ,  m ,  ,  ,  ,  ,  ,  ,  ,  ,  ,  ,  ,  ,  ,  ,  ,  ,  ,  ,  ,  ,  ,  ,  ,  ,  ,  ,  ,  ,  ,  ,  ,  ,  ,  ,  , 1 ,  ,  ,  ,  ,  ,  ,  ,  ,  ,  ,  ,  ,  ,  ,  ,  ,  ,  ,  ,  ,  ,  ,  ,  ,  ,  ,  ,  ,  
2,Cai Lan,  ,  ,  ,  ,  ,  , 21º 15' 0'' N , 107º 1' 48'' E ,  ,  ,  ,  m ,  ,  ,  ,  ,  ,  ,  ,  ,  ,  ,  ,  ,  ,  ,  ,  ,  ,  ,  ,  ,  ,  ,  ,  ,  ,  ,  ,  ,  ,  ,  ,  ,  ,  ,  , 1 ,  ,  ,  ,  ,  ,  ,  ,  ,  ,  ,  ,  ,  ,  ,  ,  ,  ,  ,  ,  ,  ,  ,  ,  ,  ,  ,  ,  ,  
3,Cai Mep,  ,  ,  ,  ,  ,  , 10º 32' 8'' N , 107º 0' 4'' E ,  ,  ,  ,  m ,  ,  ,  ,  ,  ,  ,  ,  ,  ,  ,  ,  ,  ,  ,  ,  ,  ,  ,  ,  ,  ,  ,  ,  ,  ,  ,  ,  ,  ,  ,  ,  ,  ,  ,  , 1 ,  ,  ,  ,  ,  ,  ,  ,  ,  ,  ,  ,  ,  ,  ,  ,  ,  ,  ,  ,  ,  ,  ,  ,  ,  ,  ,  ,  ,  
4,Campha, TKV Port and Coal Trading Company ," Ly Thuong Kiet StrCua Ong wardCam Pha town, Quang HinhVietnam ", 08433.865045 , 08433.865320 ,  , campha_port@vnn.vn , 21º 1' 0'' N , 107º 20' 60'' E ,  ," Pier, Jetty or Wharf ", Small ,  m , Yes , Yes ,  ,  , No , Yes , Small , Fair , Up to 500 feet in length , Coastal Natural , Yes , Yes , Yes , Yes , No , Yes , 21 - 25 feet 6.4 - 7.6 meters , 16 - 20 feet 4.9 - 6.1 meters , 4 feet , 16 - 20 feet 4.9 - 6.1 meters ,   , Yes , Yes , Yes ,   , Yes ,   , Yes , Yes , Yes ,   , Yes , No , Yes , Yes ,   , Yes ,   ,   ,   ,   ,   ,   ,   , Yes ,   , Yes ,   , Yes ,   ,   , Yes ,   , Yes ,   ,   , Yes ,   ,   , Limited ,   ,  , Small ,   , Yes 
5,Can Tho,  ,  ,  ,  ,  ,  , 10º 2' 14'' N , 105º 47' 14'' E ,  ,  ,  ,  m ,  ,  ,  ,  ,  ,  ,  ,  ,  ,  ,  ,  ,  ,  ,  ,  ,  ,  ,  ,  ,  ,  ,  ,  ,  ,  ,  ,  ,  ,  ,  ,  ,  ,  ,  , 1 ,  ,  ,  ,  ,  ,  ,  ,  ,  ,  ,  ,  ,  ,  ,  ,  ,  ,  ,  ,  ,  ,  ,  ,  ,  ,  ,  ,  ,  
6,Dai Hung,  ,  ,  ,  ,  ,  , 8º 28' 59'' N , 108º 40' 59'' E ,  ,  ,  ,  m ,  ,  ,  ,  ,  ,  ,  ,  ,  ,  ,  ,  ,  ,  ,  ,  ,  ,  ,  ,  ,  ,  ,  ,  ,  ,  ,  ,  ,  ,  ,  ,  ,  ,  ,  , 1 ,  ,  ,  ,  ,  ,  ,  ,  ,  ,  ,  ,  ,  ,  ,  ,  ,  ,  ,  ,  ,  ,  ,  ,  ,  ,  ,  ,  ,  
7,Danang, Vietnam National Shipping Lines , 26 Bach Dang St.Da NangVietnam , 84 511 821 114 , 84 511 822 565 ,  , cangdn@dng.vnn.vn , 16º 7' 34'' N , 108º 14' 19'' E ,  , Seaport , Medium ,  m , Yes , Yes ,  ,  , No , Yes , Small , Fair , Over 500 feet in length , River Natural , Yes , Yes , No , Yes , No , Yes , 21 - 25 feet 6.4 - 7.6 meters , 16 - 20 feet 4.9 - 6.1 meters , 2 feet , 31 - 35 feet 9.4 - 10 meters , 21 - 25 feet 6.4 - 7.6 meters , Yes ,   ,   ,   , Yes , No , Yes , Yes , Yes , Yes , Yes , Yes , Yes , Yes , Yes , Yes ,   ,   ,   ,   , Yes ,   ,   , Yes ,   , Yes , Yes , Yes , Yes , No , No , Yes , Yes , Yes ,   , Yes , Yes ,   , Limited ,   ,  , Small , Yes , No 
8,Da Nang,  ,  ,  ,  ,  ,  , 0º 0' 0'' N , 0º 0' 0'' E ,  ,  ,  ,  m ,  ,  ,  ,  ,  ,  ,  ,  ,  ,  ,  ,  ,  ,  ,  ,  ,  ,  ,  ,  ,  ,  ,  ,  ,  ,  ,  ,  ,  ,  ,  ,  ,  ,  ,  , 1 ,  ,  ,  ,  ,  ,  ,  ,  ,  ,  ,  ,  ,  ,  ,  ,  ,  ,  ,  ,  ,  ,  ,  ,  ,  ,  ,  ,  ,  
9,Dong Nai Port,  ,  ,  ,  ,  ,  , 10º 54' 4'' N , 106º 50' 28'' E ,  ,  ,  ,  m ,  ,  ,  ,  ,  ,  ,  ,  ,  ,  ,  ,  ,  ,  ,  ,  ,  ,  ,  ,  ,  ,  ,  ,  ,  ,  ,  ,  ,  ,  ,  ,  ,  ,  ,  , 1 ,  ,  ,  ,  ,  ,  ,  ,  ,  ,  ,  ,  ,  ,  ,  ,  ,  ,  ,  ,  ,  ,  ,  ,  ,  ,  ,  ,  ,  
10,Dong Thap,  ,  ,  ,  ,  ,  , 10º 22' 43'' N , 107º 7' 31'' E ,  ,  ,  ,  m ,  ,  ,  ,  ,  ,  ,  ,  ,  ,  ,  ,  ,  ,  ,  ,  ,  ,  ,  ,  ,  ,  ,  ,  ,  ,  ,  ,  ,  ,  ,  ,  ,  ,  ,  , 1 ,  ,  ,  ,  ,  ,  ,  ,  ,  ,  ,  ,  ,  ,  ,  ,  ,  ,  ,  ,  ,  ,  ,  ,  ,  ,  ,  ,  ,  
11,Haiphong,  ,  ,  ,  ,  ,  , 20º 54' 32'' N , 106º 44' 25'' E ,  ,  ,  ,  m ,  ,  ,  ,  ,  ,  ,  ,  ,  ,  ,  ,  ,  ,  ,  ,  ,  ,  ,  ,  ,  ,  ,  ,  ,  ,  ,  ,  ,  ,  ,  ,  ,  ,  ,  , 1 ,  ,  ,  ,  ,  ,  ,  ,  ,  ,  ,  ,  ,  ,  ,  ,  ,  ,  ,  ,  ,  ,  ,  ,  ,  ,  ,  ,  ,  
12,Hanoi,  ,  ,  ,  ,  ,  , 21º 1' 32'' N , 105º 51' 35'' E ,  ,  ,  ,  m ,  ,  ,  ,  ,  ,  ,  ,  ,  ,  ,  ,  ,  ,  ,  ,  ,  ,  ,  ,  ,  ,  ,  ,  ,  ,  ,  ,  ,  ,  ,  ,  ,  ,  ,  , 1 ,  ,  ,  ,  ,  ,  ,  ,  ,  ,  ,  ,  ,  ,  ,  ,  ,  ,  ,  ,  ,  ,  ,  ,  ,  ,  ,  ,  ,  
13,Ho Chi Minh City, 3 Nguyen Tat Thanh street , district 4Ho Chi Minh CityVietnam ,  ,  ,  , csg@hcm.vnn.vn , 10º 49' 34'' N , 106º 45' 10'' E ,  , River Port , Medium ,  m , Yes , Yes ,  ,  , Yes , Yes , Medium , Good , Over 500 feet in length , River Natural , Yes , Yes , Yes , Yes , No , Yes , 21 - 25 feet 6.4 - 7.6 meters , 21 - 25 feet 6.4 - 7.6 meters , 4 feet , 26 - 30 feet 7.1 - 9.1 meters , 31 - 35 feet 9.4 - 10 meters , Yes , Yes , Yes ,   , Yes ,   , Yes , Yes , Yes , Yes , Yes , Yes , Yes , Yes , Yes , Yes , Yes ,   , Yes ,   , Yes , Yes , Yes , Yes , Yes , Yes , Yes , Yes , Yes , Yes , Yes , Yes , Yes , Yes , Yes , Yes , Yes , Yes , Limited , Medium ,  , Small , Yes , Yes 
14,Hon Chong,  ,  ,  ,  ,  ,  , 10º 22' 24'' N , 104º 30' 9'' E ,  ,  ,  ,  m ,  ,  ,  ,  ,  ,  ,  ,  ,  ,  ,  ,  ,  ,  ,  ,  ,  ,  ,  ,  ,  ,  ,  ,  ,  ,  ,  ,  ,  ,  ,  ,  ,  ,  ,  , 1 ,  ,  ,  ,  ,  ,  ,  ,  ,  ,  ,  ,  ,  ,  ,  ,  ,  ,  ,  ,  ,  ,  ,  ,  ,  ,  ,  ,  ,  
15,Hon Gay,  ,  ,  ,  ,  ,  , 20º 56' 60'' N , 107º 5' 60'' E ,  ,  ,  ,  m ,  ,  ,  ,  ,  ,  ,  ,  ,  ,  ,  ,  ,  ,  ,  ,  ,  ,  ,  ,  ,  ,  ,  ,  ,  ,  ,  ,  ,  ,  ,  ,  ,  ,  ,  , 1 ,  ,  ,  ,  ,  ,  ,  ,  ,  ,  ,  ,  ,  ,  ,  ,  ,  ,  ,  ,  ,  ,  ,  ,  ,  ,  ,  ,  ,  
16,Le Mon,  ,  ,  ,  ,  ,  , 19º 47' 59'' N , 105º 56' 0'' E ,  ,  ,  ,  m ,  ,  ,  ,  ,  ,  ,  ,  ,  ,  ,  ,  ,  ,  ,  ,  ,  ,  ,  ,  ,  ,  ,  ,  ,  ,  ,  ,  ,  ,  ,  ,  ,  ,  ,  , 1 ,  ,  ,  ,  ,  ,  ,  ,  ,  ,  ,  ,  ,  ,  ,  ,  ,  ,  ,  ,  ,  ,  ,  ,  ,  ,  ,  ,  ,  
17,My Tho,  ,  ,  ,  ,  ,  , 10º 19' 59'' N , 105º 28' 59'' E ,  ,  ,  ,  m ,  ,  ,  ,  ,  ,  ,  ,  ,  ,  ,  ,  ,  ,  ,  ,  ,  ,  ,  ,  ,  ,  ,  ,  ,  ,  ,  ,  ,  ,  ,  ,  ,  ,  ,  , 1 ,  ,  ,  ,  ,  ,  ,  ,  ,  ,  ,  ,  ,  ,  ,  ,  ,  ,  ,  ,  ,  ,  ,  ,  ,  ,  ,  ,  ,  
18,Nam Can,  ,  ,  ,  ,  ,  , 8º 46' 14'' N , 105º 16' 10'' E ,  ,  ,  ,  m ,  ,  ,  ,  ,  ,  ,  ,  ,  ,  ,  ,  ,  ,  ,  ,  ,  ,  ,  ,  ,  ,  ,  ,  ,  ,  ,  ,  ,  ,  ,  ,  ,  ,  ,  , 1 ,  ,  ,  ,  ,  ,  ,  ,  ,  ,  ,  ,  ,  ,  ,  ,  ,  ,  ,  ,  ,  ,  ,  ,  ,  ,  ,  ,  ,  
19,Nghe Tinh,  ,  ,  ,  ,  ,  , 18º 38' 60'' N , 105º 42' 0'' E ,  ,  ,  ,  m ,  ,  ,  ,  ,  ,  ,  ,  ,  ,  ,  ,  ,  ,  ,  ,  ,  ,  ,  ,  ,  ,  ,  ,  ,  ,  ,  ,  ,  ,  ,  ,  ,  ,  ,  , 1 ,  ,  ,  ,  ,  ,  ,  ,  ,  ,  ,  ,  ,  ,  ,  ,  ,  ,  ,  ,  ,  ,  ,  ,  ,  ,  ,  ,  ,  
20,Nha Trang, Vietnam Maritime Administration ," 05 Tran Phu Cau DaVinh NguyenVinh Nguyen, Khanh HoaVietnam ", 84 058.590019 , 84 058. 590017 ,  , nhatrangport@dng.vnn.vn , 12º 12' 38'' N , 109º 12' 10'' E ,  , Harbor , Small ,  m , Yes , Yes ,  ,  , No , Yes , Very Small , Fair , Over 500 feet in length , River Natural , Yes , Yes , No ,   , Yes , Yes , 41 - 45 feet 12.5 - 13.7 meters , 26 - 30 feet 7.1 - 9.1 meters , 2 feet , 46 - 50 feet 14 - 15.2 meters , 31 - 35 feet 9.4 - 10 meters , Yes , No , Yes ,   , Yes ,   , Yes , Yes , Yes , Yes , Yes , Yes , Yes , Yes , Yes ,   ,   ,   , Yes ,   , Yes , Yes ,   , Yes , Yes , Yes , No , Yes , Yes , No , No , No , Yes , Yes , No , Yes , Yes , No , Limited ,   ,  ,   , Yes , No 
21,Phu My,  ,  ,  ,  ,  ,  , 10º 34' 59'' N , 107º 1' 59'' E ,  ,  ,  ,  m ,  ,  ,  ,  ,  ,  ,  ,  ,  ,  ,  ,  ,  ,  ,  ,  ,  ,  ,  ,  ,  ,  ,  ,  ,  ,  ,  ,  ,  ,  ,  ,  ,  ,  ,  , 1 ,  ,  ,  ,  ,  ,  ,  ,  ,  ,  ,  ,  ,  ,  ,  ,  ,  ,  ,  ,  ,  ,  ,  ,  ,  ,  ,  ,  ,  
22,Quy Nhon,  ,  ,  ,  ,  ,  , 13º 46' 9'' N , 109º 13' 52'' E ,  ,  ,  ,  m ,  ,  ,  ,  ,  ,  ,  ,  ,  ,  ,  ,  ,  ,  ,  ,  ,  ,  ,  ,  ,  ,  ,  ,  ,  ,  ,  ,  ,  ,  ,  ,  ,  ,  ,  , 1 ,  ,  ,  ,  ,  ,  ,  ,  ,  ,  ,  ,  ,  ,  ,  ,  ,  ,  ,  ,  ,  ,  ,  ,  ,  ,  ,  ,  ,  
23,Tan Cang,  ,  ,  ,  ,  ,  , 10º 45' 3'' N , 106º 43' 5'' E ,  ,  ,  ,  m ,  ,  ,  ,  ,  ,  ,  ,  ,  ,  ,  ,  ,  ,  ,  ,  ,  ,  ,  ,  ,  ,  ,  ,  ,  ,  ,  ,  ,  ,  ,  ,  ,  ,  ,  , 1 ,  ,  ,  ,  ,  ,  ,  ,  ,  ,  ,  ,  ,  ,  ,  ,  ,  ,  ,  ,  ,  ,  ,  ,  ,  ,  ,  ,  ,  
24,Van Phong Bay,  ,  ,  ,  ,  ,  , 12º 38' 43'' N , 109º 11' 27'' E ,  ,  ,  ,  m ,  ,  ,  ,  ,  ,  ,  ,  ,  ,  ,  ,  ,  ,  ,  ,  ,  ,  ,  ,  ,  ,  ,  ,  ,  ,  ,  ,  ,  ,  ,  ,  ,  ,  ,  , 1 ,  ,  ,  ,  ,  ,  ,  ,  ,  ,  ,  ,  ,  ,  ,  ,  ,  ,  ,  ,  ,  ,  ,  ,  ,  ,  ,  ,  ,  
25,Vung Tau,  ,  ,  ,  ,  ,  , 10º 21' 24'' N , 107º 3' 50'' E ,  ,  ,  ,  m ,  ,  ,  ,  ,  ,  ,  ,  ,  ,  ,  ,  ,  ,  ,  ,  ,  ,  ,  ,  ,  ,  ,  ,  ,  ,  ,  ,  ,  ,  ,  ,  ,  ,  ,  , 1 ,  ,  ,  ,  ,  ,  ,  ,  ,  ,  ,  ,  ,  ,  ,  ,  ,  ,  ,  ,  ,  ,  ,  ,  ,  ,  ,  ,  ,  
